name,team,base_thirst,laserlikeness,continuation,ground_friction,indulgence
Abner Wood,Lovers,0.967840813835726,0.167242690769752,0.402217986537525,0.285687277192916,0.797868953821727
Adalberto Tosser,Crabs,0.987992203296045,0.612864239040495,0.751935242431208,0.318166926989417,0.509075643028789
Adkins Davis,Tacos,0.579460376785583,0.410000920642728,0.0187943628520773,0.9018001679766,0.341813529642787
Adkins Gwiffin,Wild Wings,0.735229395354306,0.627854171811505,0.65691650011192,0.0411306722298204,0.8855914175991
Adkins Swagger,Breath Mints,0.517166708462424,0.834709569943989,0.502641581197218,0.295661116088295,0.863317865459518
Adkins Tosser,Magic,0.710648809370128,0.120346730757627,0.549533774522756,0.863047520252306,0.594075440236877
Adrian Melon,Pies,0.485051356974451,0.840830817979727,0.584640283713069,0.421240896326304,0.176398971737466
Agan Harrison,Firefighters,0.158871567974399,0.147775615471374,0.758835361578159,0.556085911953588,0.511373436394791
Alaynabella Hollywood,Garages,0.648933493654053,0.0725272336162787,0.0653623604068719,0.292647031812807,0.866091807935084
Albert Stink,Millennials,0.596607549738886,0.162943134334043,0.808186156265311,0.235553807231497,0.822608247512147
Aldo Comeback,Tacos,0.158913873236746,0.637323789383162,0.662505347067627,0.67657484428029,0.632312255654627
Aldon Cashmoney,Sunbeams,0.826148179534943,1.37603215184566,0.889654474673036,1.25022904166956,1.26303209021118
Alejandro Leaf,Millennials,0.246197750591003,1.07758710762589,0.864908113365923,0.590506996668658,0.821920410956968
Alexander Horne,Lovers,0.481395601030139,0.846222300172933,0.859118525245453,0.686170819083819,1.07827803138686
Alexandria Hess,Crabs,0.472900094481077,0.180388037679242,0.159952096703064,0.464802638568413,0.639593480947229
Alexandria Rosales,Spies,0.890035578518681,0.250498655062027,0.532789906393307,0.248775724379673,0.272210256308427
Allison Abbott,Steaks,0.41203048816847,0.909517090208993,0.443463171679697,1.12697034594604,0.643701903763032
Alston Cerveza,Moist Talkers,0.879935482256345,0.655553799323151,0.260580801499961,0.519941353352154,0.99492399644128
Alston England,Firefighters,0.326767215272378,0.854291643698524,0.131118368623981,0.389418949673982,0.209639128084327
Alston Woods,Dale,0.900286881234839,0.0237266331899104,0.365806510916252,0.215604763176871,0.259263296050452
Alx Keming,Shoe Thieves,0.271792420885061,0.805972985750653,0.293719819133039,0.913262412904913,0.646421197571083
Alyssa Harrell,Fridays,1.08672351398099,0.675081526930845,0.382638615324918,0.582693442850549,0.669353237535013
Amaya Jackson,Lovers,0.980010374409932,0.0431121793523408,0.93778973438047,0.549865542523718,0.560241931927959
Amos Melon,Moist Talkers,0.703107190478376,0.690190908173097,0.395518567317305,0.0877732378601279,0.531896360490349
Andrew Solis,Millennials,0.385006312124883,0.951176397142667,0.615649059986992,0.572984354131383,1.00353190116607
Ankle Halifax,Georgias,0.960170195710636,0.92306988620649,0.334698750911597,0.261693958438017,0.748258430913493
Annie Williams,Lovers,0.551708749794624,0.380178538491995,0.834277112781718,0.114639394550738,0.747905310121397
Antonio Mccall,Garages,0.540761475761962,0.764691948187115,0.384372834811853,0.659588084307691,0.859424720866903
Arches Candle,Mechanics,0.503308481197206,0.59677730926675,0.657458594837673,0.364007386002729,0.199203822586904
Artemesia Teixeira,Georgias,0.478119105429179,0.502361212445148,0.578087713413335,0.143757923596368,0.867337037447731
Arturo Huerta,Garages,0.895974097253231,1.01005351051755,0.271960501095659,0.744518209822547,0.822096447702917
Atlas Diaz,Magic,0.388590561808089,0.163973985504863,0.266705044483237,0.821894876967793,0.230948330253697
Atlas Guerra,Breath Mints,0.463593929100044,0.887594665937125,0.303221689554497,0.87012725442922,0.825740488876352
Atma Willowtree,Worms,0.806176112596211,0.559459818534135,0.151027370873281,0.753060401217208,0.516027854048376
Augusta Chadwell,Worms,0.113782177473434,0.454749930202473,0.617271035417071,0.730415493389262,0.489224995392651
August Obrien,Pies,0.701812167619184,0.966470145633041,0.140388935248408,0.415344498395414,0.48114898173699
Augusto Reddick,Moist Talkers,0.354461203545226,0.605319162114492,0.694117540869985,0.585020249598449,0.182943970259129
August Sky,Steaks,0.484920696788206,0.137922446584486,0.880359638450783,0.795481993725605,0.650756255055998
Aureliano Cerna,Spies,0.080090530372269,0.428529351207464,0.643886043281788,0.330050608744894,0.206402512494993
Aureliano Dollie,Dale,0.926350482918256,0.864239008131608,0.284596607572077,0.956727000403796,0.485777467687361
Aureliano Estes,Lovers,0.312819643220315,0.759353639272547,0.16333197023273,0.206792670538384,0.302532829494387
Aurora Blortles,Worms,0.99151684597432,0.522845091982575,0.309056882518754,0.762780991980435,0.447625517285052
Avi Jones,Worms,0.625590459339655,0.655464920464296,0.958778882180875,0.379785466392859,0.820309361437828
Avila Baker,Sunbeams,0.489933794746643,0.865557563103996,0.30152126081275,0.225517582735324,0.330403462107955
Avila Guzman,Dale,0.387235499151692,1.27240065505037,0.499416999071295,0.526935874588447,1.1203534800707
Axel Campbell,Crabs,0.58675291953689,0.305085237735778,0.894386649701138,0.671232635146072,0.449457911856223
Axel Cardenas,Wild Wings,0.714803394476132,0.156742584438432,0.289898189477809,0.238510798783609,0.691545447460417
Axel Trololol,Hall Stars,0.869063059849079,0.267170803308947,0.466226676006812,0.881894526938133,0.571681740112581
Ayanna Dumpington,Lift,0.810037432927497,0.818921499217061,0.0919238907062137,0.473915429956003,0.820393858256466
Baby Doyle,Jazz Hands,0.791506868941516,0.371224115649281,0.36674309471254,0.612621309294373,0.458871026278819
Baby Sliders,Sunbeams,0.559307721789558,0.974279275388496,0.65700019741699,0.304513959068663,0.354831546115335
Baby Triumphant,Firefighters,0.749275616732496,0.241251536677106,0.95684960318878,0.998666347414159,0.45050154664681
Baldwin Breadwinner,Crabs,0.621974647441438,0.254359112243879,0.001,0.653777837151205,0.591419648121383
Baldwin Jones,Steaks,0.903385465764995,0.618958179683028,0.0410692886561981,0.738851757758434,0.530943058571882
Bambi Perez,Pies,0.48972432945502,0.405945016481588,0.7634598657125,0.176203038385614,0.575228987807325
Bartleby Zhivago,Worms,0.865613406882716,0.109739834514789,0.63012159931722,0.67018311196854,0.428259659319916
Basilio Fig,Tacos,0.800647684796797,0.528251718896102,0.756653564337456,1.25121219139081,0.635617865002889
Basilio Mason,Tacos,1.09597648267811,0.83082112135477,1.27246639038546,0.687884742475001,1.19130135496852
Bates Bentley,Fridays,0.659992549687681,0.604985787922344,0.668103470134625,0.224340500824781,0.848479553411318
Bates Silk,Magic,0.328096652100419,0.504663376708111,0.393010074149177,0.104812549612877,0.361304443579326
Bauer Zimmerman,Jazz Hands,0.339294911421191,0.802565292644577,0.0463998816574707,0.702511328514731,0.979602606473151
Beans McBlase,Moist Talkers,0.11,0.701646819423227,0.01,0.0947559227137004,0.623859841719357
Beasley Day,Pies,0.961668876122403,0.396098408724096,0.416221089459696,0.673204793225002,0.330239236545783
Beasley Gloom,Moist Talkers,0.250412834886565,0.567343720360959,0.368556485633793,0.20221093297507,0.8190445461439
Beau Huerta,Millennials,0.120926934769298,0.613593489063093,0.698804278052325,0.0301207920217128,0.461140962019544
Becker Solis,Spies,0.573984704514172,0.014983341749863,0.721548457542127,0.57295847103611,0.510713894218939
Beck Whitney,Dale,0.94177493528493,1.41863524883446,0.447469627098011,0.772116650148393,1.42262341864943
Bees Taswell,Mechanics,0.673728482413702,0.18288900940454,0.205886781692652,0.606983912082152,0.682858586821047
Bennett Bowen,Steaks,0.468643170697235,0.491598374617715,0.556842533644751,0.284531982132706,0.179253449535758
Bennett Takahashi,Shoe Thieves,0.751362523581384,0.635788732988857,0.100704974263222,0.87810471284934,0.0503287369531415
Best Cerna,Wild Wings,0.387297417530566,0.854931068401619,0.575463203902795,0.460528826392448,0.170394277742609
Betsy Trombone,Garages,0.244432169913095,0.801454054058989,0.783069316724107,1.06280346873919,0.267070688908341
Bevan Underbuck,Crabs,0.982455112064786,0.904286054901601,0.849873146724581,0.929377823206284,0.653123524455105
Bevan Wise,Magic,0.128132764595018,0.527675970419882,0.912987384257183,0.955377689828673,1.03689555794808
Blood Hamburger,Shoe Thieves,0.370665070929223,0.44678604077454,0.755578164851533,1.1221214207846,0.947203709490433
Bonk Jokes,Magic,0.0584466204671585,0.569318702010175,0.35469165711639,0.557839282566909,0.77013696038242
Bontgomery Mullock,Lovers,0.206471620452757,0.240733515909079,1.05382231519041,0.943873625375778,0.436614611231574
Bottles Suljak,Mechanics,0.855582138524853,0.144066467420228,0.066482231124342,0.0559345352138019,0.736590143538644
Boyfriend Berger,Jazz Hands,0.00329533193054021,0.419369273428005,0.552257785359705,0.959734632744816,0.936513375226273
Boyfriend Monreal,Hall Stars,0.896349056411063,0.922331201285781,0.219988848966263,1.05927061621108,0.443852660284374
Brewer Vapor,Jazz Hands,0.0450359745032589,0.0898122125653809,0.18722689008029,0.773350816454323,0.675730261443432
Bright Zimmerman,Moist Talkers,0.497699248163814,0.078131183584777,0.109881426578872,0.630196392453481,0.43833054983167
Brock Forbes,Crabs,0.629970748393172,0.916043668897537,0.173614364312546,0.682538787163168,0.474900772320184
Brock Watson,Wild Wings,0.855587052722834,0.557741302333767,0.361782447763104,0.237868828540277,0.425890705339755
Burke Gonzales,Wild Wings,0.821393583789173,0.660199533539388,1.21924524989958,0.687852237090689,1.05237232638245
Caleb Alvarado,Firefighters,0.624978484120432,1.01756958471313,0.104047209216222,0.343135937997882,0.223461517281832
Caleb Morin,Fridays,0.711432589726087,0.308746552336462,0.427898184258583,0.806438377763814,0.625257190744821
Caleb Novak,Dale,1.00742888753525,0.681017829118588,0.256866096917953,0.9323474460656,0.420802739549105
Caligula Lotus,Hall Stars,0.24776748801966,0.657963262666056,0.10255863901104,0.539273990813633,0.279377799382145
Campos Arias,Jazz Hands,0.0298487180690377,0.953001279938515,0.630499402635653,0.349659156070623,0.378474497461994
Cannonball Sports,Dale,0.904771080463703,0.363226657458937,1.16692580938883,0.426163390214161,0.898643132374201
Cantus Hojo,Worms,0.638526447760667,0.854854224721202,0.467150891093973,0.426265690310169,0.001
Carmelo Plums,Tigers,0.339481712483837,0.781128756403592,0.315792473759794,0.822757990885804,0.347678286705009
Carter Oconnor,Shoe Thieves,0.250646143981462,0.42332851338465,0.593413367522207,0.113423767977404,0.91557581968373
Carter Turnip,Moist Talkers,0.439360431401748,0.695438719704466,0.466915416971915,0.951909234755208,0.404892098893058
Case Lancaster,Pies,0.675410502091747,0.392931763207316,0.489272566851259,0.864958057698679,0.109200207447038
Castillo Logan,Pies,0.500285218866377,0.452448462813589,0.382011329349945,0.348540624124468,0.765486953322382
Castillo Turner,Flowers,1.35102532677186,0.653908046052142,0.941226550702215,1.08128593727439,1.14132894816481
Cedric Spliff,Moist Talkers,1.0379232279768,0.314712693182213,0.544632061027762,0.848619994860599,0.557652845243699
Cell Barajas,Wild Wings,0.154502999064466,0.702830751690108,0.684503673489847,0.0593239049605852,0.481367582211728
Cell Longarms,Steaks,0.914611807220759,0.806082178118622,0.781602526277159,0.195898543284579,0.939342384360667
Chambers Kennedy,Flowers,0.0285284937864962,0.275113877314968,0.470030410971029,0.693496984592799,0.723003797604741
Chambers Simmons,Flowers,0.769855889836295,1.1319830860838,0.484124856699628,0.408153324517631,0.505771548772372
Charlatan Seabright,Millennials,0.514242501545206,0.564520531610084,0.301125875309569,0.239390398640161,0.315104174529678
Chet Takahashi,Spies,0.518236720540276,0.925143632725818,0.483282588406137,0.721090890882367,0.918921370115741
Chorby Short,Magic,0.46587594109842,0.998662296568124,0.613190962761182,0.995907480873021,0.533743252356623
Chorby Spoon,Lovers,0.659695658980755,0.18142011486076,0.233651884313906,0.0205450671827423,0.768385169165537
Chris Koch,Sunbeams,0.355286910410649,0.133913533161441,0.930727995999506,0.610005008328307,0.682206733516707
Chris Thibault,Dale,0.649654472616011,0.631470443754281,0.322139801142636,0.439655717190421,0.857553836631634
Christian Combs,Fridays,0.622797087901565,0.629414017388862,0.0686213706621147,0.0181427038146127,0.549234683148016
Cicero Homestyle,Wild Wings,0.868442147471858,0.58576319715192,0.325132351750549,0.117660085540532,0.561490745561699
Clare Mccall,Firefighters,0.268134145729061,0.269584782513662,0.661325008817388,0.680626593345506,0.308220659190943
Clementine Steeplechase,Georgias,0.463749464065356,0.920055511137797,0.431926475364648,0.405790445775251,0.390729359099227
Clove Mahle,Worms,0.941683399610331,0.83390732212296,0.217919196174166,0.331751995031442,0.793972809052798
Collins Melon,Jazz Hands,0.88443616326804,1.08257450412804,0.509189966847811,0.620385594280428,1.10807501620952
Collins Mina,Moist Talkers,0.718067203152813,0.739660468969993,0.540433857792113,0.772095913942872,0.13832263757973
Combs Estes,Jazz Hands,0.738540922148882,0.130644696632261,0.877687772871805,0.6200472755147,0.878113260340664
Comfort Monreal,Sunbeams,0.395220496819852,0.484549574740245,0.876295228248177,0.70758493803827,0.00588790557480312
Comfort Septemberish,Spies,0.786230676931953,0.98237810574024,1.14667989811122,0.611939973616953,1.1842933329131
Commissioner Vapor,Moist Talkers,0.780688835734565,0.906946186064876,0.881936664890016,0.363731501045752,0.586503497322118
Concrete Mandible,Lift,0.423163766661434,0.511424378357753,0.800036375745464,0.257602320338019,0.521794797940355
Conditional Yuniesky,Shoe Thieves,0.434792966849717,0.127031652391776,0.866739708526369,0.683603535213079,0.903374901223277
Conner Haley,Steaks,0.937253148668548,0.876094217381586,1.09979016942943,1.18005886595962,1.04235177905504
Conrad Bates,Breath Mints,0.402822493374754,0.0583523872327271,0.192010411066704,1.00915132465065,0.899337684177772
Conrad Twelve,Firefighters,0.229950247428485,0.580576351208803,0.226716982094062,0.302483545182404,0.510344023700414
Conrad Vaughan,Jazz Hands,0.266706021417195,0.580415662907729,0.17251428155359,0.126902268898478,1.0560503217141
Coolname Galvanic,Lift,0.408198805734607,0.254437818411483,0.979814314680533,0.535856321658829,0.551056265326687
Cornelius Games,Shoe Thieves,0.820913746246514,0.376611152373571,0.342643324598711,0.694445505826725,0.794376447027035
Cory Novak,Fridays,0.925457266236184,0.302420666169779,0.790920653623528,0.601815037583033,0.242993192572603
Cory Ross,Steaks,1.00005769436302,0.732518046482675,1.12798370877194,0.826295988167907,0.82196731680425
Cory Twelve,Flowers,0.0753311520863771,0.959777578606679,0.603782014140954,0.802496691952937,0.478718778781304
Cote Rodgers,Jazz Hands,0.479953429052234,0.820819272568634,0.0574365902856793,0.839758574040749,0.740438270272421
Cravel Gesundheit,Mechanics,0.208805403403539,0.239688931577433,0.19542167864424,0.828147871495261,0.0228098499664409
Cudi Di Batterino,Lift,0.001,0.35419891585806,0.001,0.001,0.011127221128983
Curry Aliciakeyes,Magic,0.556530861116264,0.344575805023761,0.444596499708626,0.867063936236462,0.734776965569531
Daiya Vine,Spies,0.118829447784221,0.383887055369015,0.661441509301507,0.258897572018818,0.636438881045211
Dander Permadeath,Lift,0.713160430739489,0.69840138509145,0.6696575223135,0.41908269332409,0.0154069381942001
Daniel Benedicte,Garages,0.291583242223648,0.221448763844391,0.824416821875112,0.404798517798949,0.850735953728116
Daniel Koch,Tigers,0.339880926914203,0.248122340637553,0.828501515065972,0.517311802556166,0.376731060458933
Daniel Mendoza,Breath Mints,0.385463810193138,0.388205841007651,0.528746540714017,0.142069501534928,0.512519399656851
Declan Suzanne,Firefighters,0.0150233998907334,0.0412182793285554,0.0308556805905573,0.361226918100457,0.245105767984534
Denim Squall,Moist Talkers,0.302313273943724,0.0631925595339307,0.866315477516111,0.234650180375199,0.159736846195546
Denzel Scott,Spies,0.179039351671043,0.318048701990532,0.453149148153312,0.310586374048493,0.438424524186422
Dickerson Morse,Steaks,0.499364734268859,0.99734171725847,1.26960248684561,0.851975959139624,1.04237411123289
Doc Anice,Pies,0.546376757525414,0.884959787450035,0.0449720517105985,0.00253098176843825,0.65448447161698
Doc Cash,Tigers,0.623633295345428,0.23260232880866,0.73229391092164,0.0616402234487075,0.261381621635393
Dominic Marijuana,Hall Stars,0.242061266963086,0.0160977203131865,0.879298763248501,0.326596486172556,0.165790504615554
Dominic Woman,Tigers,0.413193478016218,0.62705894560117,0.988617771582935,0.683720755525123,0.89862176220485
Don Elliott,Dale,0.64642602869084,0.290621371775833,0.03,0.313724922443276,0.759314910756203
Donia Bailey,Spies,0.0335697229411414,0.617082589017806,0.699224115881794,0.179163661197837,0.978618072511445
Donia Dollie,Jazz Hands,0.0386323807983593,0.674297549150408,0.395122175412443,0.761983799944575,0.828293257503341
Donia Johnson,Shoe Thieves,0.063519137152241,0.696867438515948,0.412432504974861,0.614800388471745,0.574950544754045
Don Mitchell,Lovers,1.27863796497159,1.24621267120278,0.838331149358046,0.580711549759643,1.15004809934237
Dudley Mueller,Sunbeams,1.12338351831866,0.584979600415854,0.714371871352938,0.422064351334185,0.451417575627415
Dulce Schofield,Worms,0.575616128743321,0.846820839745429,0.25243389188873,0.435038464515626,0.0486101078287082
Dunlap Figueroa,Tigers,0.426918207498941,0.49955866402479,0.382952620528441,0.466325688074952,0.495656182777398
Dunn Keyes,Flowers,1.01744464305783,1.09377248074021,1.20885028553908,0.40074912938337,0.704970973478423
Durham Spaceman,Garages,0.258977419002998,0.75642386882991,0.469502179899145,0.365574366950423,0.265210558567105
Eddie Nakamoto,Mechanics,0.381703751828428,0.901159265655526,0.400104546199611,0.697928692065476,0.572526249262033
Edric Tosser,Jazz Hands,0.603596635672219,0.411975285487703,0.515175037116041,0.0228802756573727,0.187251063752103
Eduardo Perez,Spies,0.939422372546129,0.156286150406182,0.411158601237413,0.0845892195801321,0.618933902391963
Eduardo Woodman,Pies,0.526095290184973,0.617190508840284,1.0404819998906,0.860506056344021,0.707615589684012
Eizabeth Elliott,Magic,0.679136666245419,1.30624706965054,1.14067969123379,0.374168093930183,0.78727259453242
Eizabeth Guerra,Breath Mints,0.658538128573592,0.661081258714968,0.586929232263265,1.05941968213396,0.435919332210191
Elijah Bookbaby,Flowers,0.159359899689858,0.674299875018388,0.465609230011568,0.579621918600409,0.329128112211012
Elijah Glover,Crabs,0.267585703187502,0.680663478738793,0.129319664848628,0.462953163419835,0.762435267071511
Elijah V-l-nzue-a,Jazz Hands,0.110247066330111,0.7004697324718,0.29876040115651,0.622314590516582,0.148891396081271
Elip Dean,Tigers,0.557357566513222,0.726124570268579,0.704592674539833,0.697514357914585,0.883104430924966
Elvis Figueroa,Pies,0.369238841896478,0.317095561712013,0.263381574457826,0.109727695907596,0.174243411211339
Elwin Blaskets,Sunbeams,0.277333859229423,0.585188287822308,0.322458475568286,0.469529350758923,0.781987176538526
Elwin McGhee,Lift,0.844301531260187,0.661778633268649,0.55360515316146,0.450636706379068,0.894339921115397
Emblem Warhorse,Garages,0.0439066532440999,0.0954792279635996,0.747570263291745,0.262570776270847,0.696818865002256
Emilia Street,Garages,0.706248252002456,0.261669795072113,0.915012281172572,0.997240070943454,0.250551740321019
Emmett Internet,Hall Stars,0.745115035944716,0.492333452460088,0.175627871482937,0.0501842258653693,0.545566400292958
Emmett Tabby,Spies,0.0917029698167175,0.0980886292194745,0.751263914164669,0.634011706415769,0.0610825334431999
Engine Eberhardt,Lift,0.910553776865302,0.831079173192106,0.217614180548535,0.926652051920604,0.794551619290934
England Voorhees,Magic,0.402458285076687,0.763771770184353,0.331635666026313,0.696480100770233,0.22934580690766
Enid Marlow,Worms,0.392059365148842,0.838184883795622,0.922693757566506,0.802858206128284,0.860475327381563
Ephraim Ladd,Worms,0.80284202597695,0.127563465838968,0.614679198531549,0.654548395296608,0.262116307004255
Erickson Fischer,Millennials,0.128596615161551,0.984600746110863,0.529593217688374,0.611545950369579,0.554187129604698
Erickson Sato,Wild Wings,0.0928265073407395,0.389159230045936,0.820980875680675,0.0485283696051149,0.649019058971848
Erin Beanbag,Millennials,0.287850047577133,0.458454316165618,0.692169373604499,0.308976465815732,0.644097370461114
Erin Jesaulenko,Georgias,0.678987465113104,0.520056186204937,0.456292197408326,0.567520704923286,0.228245958643532
Eris Street,Tigers,0.727707496083395,0.904867619237285,0.190451056771104,0.583209965675451,0.655527592805156
Esme Ramsey,Shoe Thieves,0.996554141075901,0.125516175178682,0.187848712220221,0.433244067708949,0.15356770145467
Eugenia Bickle,Sunbeams,1.04488270840102,0.207329893875835,0.990532930095948,0.209294046504203,0.406609431076107
Eugenia Garbage,Moist Talkers,0.791486120677827,0.311480341893079,0.351212155247024,0.289568639730266,0.236678700808045
Evelton McBlase,Fridays,0.666908078042524,0.704548039890911,0.784349430078035,0.631515662958632,0.388223390471737
Evelton McBlase II,Crabs,0.433921409109573,0.489128543107077,0.528703291295715,0.403057757895129,0.181698912378299
Famous Meng,Wild Wings,0.29933945407318,0.690531277324924,0.623069280527872,0.862409368451214,0.818680831614266
Famous Owens,Tigers,0.365065448185944,0.844408997907863,0.99799021332908,0.456813977012307,0.586218966927364
Farrell Seagull,Worms,0.161061024704129,0.429834665301235,0.753482143782228,0.623973194505765,0.223328367640247
Felix Garbage,Millennials,0.40192847796187,0.238632969665139,0.982733165812839,0.801222436520834,0.250469307385186
Fenry Marlow,Fridays,0.687227537069195,0.776663489218808,0.525096644717488,0.666403027084193,0.291481423386875
Fenry Wobin,Tigers,0.20524065669151,0.364014399801228,0.155050877606868,0.684203900235096,0.462529539593612
Finn James,Crabs,0.788321396784033,0.483806815479496,0.0968577334971348,0.489450364827728,1.01447988568416
Fish Summer,Moist Talkers,0.627217044106376,0.554165225764943,0.903283686259058,0.759216074264423,0.860034600555584
Fitzgerald Blackburn,Spies,0.460864406275155,0.378248583435169,0.388166853855096,0.575668271133821,0.865717341584868
Fitzgerald Wanderlust,Shoe Thieves,0.859336956431424,0.397315858771365,0.885274564096067,0.148663572790775,0.359476518193894
Flattery McKinley,Georgias,0.298692960693134,0.409549151323433,0.448222015555864,0.825968380954985,0.931223310371835
Fletcher Peck,Millennials,0.605540267738196,0.21222333714661,0.917880265178776,0.378498769230576,0.17424293165836
Fletcher Yamamoto,Lovers,0.747178259315994,0.100638077117892,0.102223520119838,0.0816017580051625,0.337660088057878
Forrest Best,Crabs,1.48932405431297,1.32246085588841,1.03959239438202,0.864467681695603,0.720952628880163
Foxy Pebble,Mechanics,0.35373483012344,0.795098917938854,0.424262725178537,0.0930376680714624,0.231985837305695
Fran Beans,Wild Wings,0.427805335213759,0.342375507577929,0.726549947567266,0.0889046960341972,1.02053294147402
Francisca Burton,Sunbeams,0.244671460551541,0.68830401741921,0.0769619572631721,0.0751118202110241,0.0471328555607187
Francisca Sasquatch,Dale,0.841102737155163,0.756846685440974,0.536207640798021,0.615578036145451,0.913368440135443
Francisco Object,Flowers,0.970535910748599,0.203169714519536,0.523358521396469,0.794033649934651,0.982593859175686
Francisco Preston,Magic,0.654252454037979,0.912909340820499,0.211547092159727,0.761495205248752,0.889545090561787
Frankie Hambone,Georgias,0.572437300957479,0.279573720052687,0.93953352624854,0.762862573530528,0.0168214102773407
Frazier Tosser,Lovers,0.502938956817641,0.273257874516558,0.530775713470767,0.654231713297986,0.657778207677264
Freemium Fairwood,Garages,0.696703861539126,0.0554219273048555,0.914232125374197,0.060739124149747,0.18517563253475
Freemium Seraph,Lift,0.661785270317622,0.597223936753114,0.932885792078785,0.25687497122998,0.0451175741028496
Fynn Doyle,Millennials,0.486458197195524,0.464440740171052,0.494778541514052,0.2894573954008,0.261340413422166
Gabriel Griffith,Fridays,0.799301596575452,0.924036814414429,1.13409811221669,1.23526875758235,0.793082492586716
Gallup Crueller,Steaks,0.278281240913734,0.616623873079332,0.653336149791006,0.878066447648768,0.390825049727485
Gallup Murphy,Shoe Thieves,0.387692928372177,0.710997485581576,0.169623176586913,0.794516696756879,0.95253206222022
Garcia Soto,Millennials,0.929172831947509,0.125254257245753,0.375078849581163,0.188387035371618,0.348094944441776
Garcia Tabby,Fridays,0.788636592634149,0.558512490125708,0.379329211966083,0.0781907470030034,0.722377911888105
Geraldine Frost,Georgias,0.713987119029659,0.0863507274509436,0.532077598426927,0.423032056201042,0.174684114506003
Gerund Pantheocide,Lift,0.611650546790592,0.368644117614939,0.294710074420746,0.593555161663084,0.682134146140294
Gia Holbrook,Mechanics,0.587653536094521,0.363950854338973,0.0673172775861977,0.0499325727934119,0.0369051790353712
Gita Biscuits,Georgias,0.0186784858461775,0.680725154321362,0.0490571075016295,0.480085827604276,0.130055825754507
Gita Sparrow,Firefighters,0.209524905596964,0.614789498077963,0.731481724554625,0.329748628973043,0.133684730654488
Glabe Moon,Flowers,0.653635123570373,1.04662974870922,0.822049794963079,1.1593153548773,0.803228587710131
Gloria Bentley,Dale,0.121488633760953,0.876408350362123,0.806163960834219,0.364307836641429,0.846105014777284
Gloria Bugsnax,Flowers,1.01580050088472,0.252851550964335,0.591390485330353,0.948577440059118,0.9947274232025
Goobie Ballson,Firefighters,0.517891766803974,0.363789698449154,0.231876153032032,0.251986932576128,0.124203132505388
Goodwin Morin,Garages,1.72439633639338,1.32377764551115,1.74500349883753,1.52986565825164,1.70573844631793
Greer Gwiffin,Fridays,1.09914260603239,0.680224782993123,0.404056428945531,0.91985200135086,0.737179946472029
Greer Lott,Moist Talkers,0.589283582671071,0.945720946497602,0.49214923327987,0.468589642046683,1.01937852074892
Grey Alvarado,Breath Mints,0.568347012470438,0.50649681957084,0.399548599742705,0.587413755890179,0.465741320348345
Grit Freeman,Spies,0.0394801888202299,0.732197163908858,0.427692397162184,0.0441242131091406,0.934688632117207
Grit Ramos,Wild Wings,0.619652834275482,0.873991669948833,0.459549144104615,0.0408062094031461,0.465691212973867
Grit Watson,Firefighters,0.288776370925128,0.326255941975031,0.20824308441315,0.98578881016163,0.85057950796224
Grollis Zephyr,Lift,0.635278370109745,0.687532791843848,0.190112224096016,0.700120513067394,0.46775236981894
Gunther O'Brian,Shoe Thieves,0.963232227448751,0.435597366334265,0.837839736882125,1.17731013845777,0.492522471373617
Hahn Fox,Sunbeams,1.22920362882518,0.630215757905919,0.582787959097685,0.892340823946909,0.852188767514369
Halexandrey Walton,Tacos,0.961298484571341,0.223527068731053,0.634169248107808,0.576719794750123,0.557811289013614
Harriet Gildehaus,Sunbeams,0.797514985859421,0.485572749677676,0.428182923007082,0.62624777118266,0.665903378140466
Haruta Byrd,Pies,0.705069243320881,0.495418409535962,0.764452942305809,0.672432708801799,0.072387634340813
Hatfield Suzuki,Millennials,0.431100143090406,0.831469142628712,0.222664889803877,0.578337691044115,0.512139580253706
Helga Burton,Lovers,0.850053899158793,0.259950972796495,0.945826167668872,0.830857218998435,0.521136066864228
Helga Moreno,Lovers,0.748984466343027,0.888055258062663,0.75535627277498,1.12036003660679,0.956775448686067
Helga Washington,Breath Mints,0.237898237287504,0.22157592121751,1.01856873452431,0.218573475465851,1.019712502615
Hendricks Lenny,Breath Mints,1.00577844206065,0.447878707304003,0.261603940323851,1.0108404930783,0.841653382892229
Hendricks Richardson,Sunbeams,0.570016593679905,0.745070474550427,0.38,0.921503373122103,0.92948920391162
Henry Marshallow,Pies,0.601113971761074,0.136877323626529,0.703144000936085,0.491929282919275,0.500015794595363
Hercules Alighieri,Georgias,0.372120794940178,0.356236253449118,0.144525494566878,0.779307575870375,0.408395951591944
Hernando Winter,Jazz Hands,0.467615009570395,0.449468842826111,0.56195279668959,0.269941479780961,0.739599760419511
Herring Winfield,Shoe Thieves,0.425379073452985,0.0305694637214952,0.550081083711944,0.857741827328424,0.444369730669726
Hewitt Best,Breath Mints,0.93963957903767,1.25947881016227,1.2279300657766,0.505213537260571,0.230929291996757
Hierophantic Foible,Breath Mints,0.208821094222894,0.970711880994787,0.828924537480188,1.00042323903679,0.797056219611109
Hiroto Cerna,Flowers,0.738702816414001,0.899352121284233,0.699972490308762,0.650284990323643,0.387876267941748
Hiroto Wilcox,Tigers,0.516696135120279,0.0815408304355474,0.77217463815103,0.537701260879522,0.314335955516999
Holden Stanton,Jazz Hands,0.470019952932457,0.391205403967864,0.663008666992855,0.632734222847775,0.694105531883722
Howell Franklin,Shoe Thieves,0.34595718034938,0.171300537680536,0.868020898407917,0.54328280142537,0.1718498190869
Howell Rocha,Jazz Hands,0.198533275954912,0.657935682391538,0.857954514406644,0.412696117119283,0.513712906057567
Huber Frumple,Pies,0.886403963598613,0.786589935875808,0.823655281993353,0.790908181059273,1.02937941495022
Igneus Delacruz,Sunbeams,0.546430347138401,0.484128628679131,0.0451709896804934,0.03,0.076185629502762
Igneus Mcdaniel,Wild Wings,0.670246619202862,0.407580094252466,0.651323011350627,0.635182902845103,0.696426238134771
Inez Owens,Flowers,0.550725689036809,0.428389760693053,0.626426751468702,0.191851146560265,0.184755283223496
Inky Rutledge,Magic,0.844379387483914,0.556234310687129,0.187874458937866,1.13559243963656,0.358443936160217
Isaac Johnson,Firefighters,1.00196649834864,0.915899239649054,0.204920793273743,0.672404945198288,0.498749328127124
Itsuki Weeks,Steaks,0.625134825769319,0.440201497437953,0.316235419745314,0.846067313189307,0.947824058486384
Itsuki Winner,Fridays,0.254865425046335,0.699759876317559,0.752684947697888,0.692639645523406,0.241782711827803
Izuki Clark,Steaks,0.868457569776037,0.537317588903138,0.572362810464291,0.356347447681662,0.334566069813628
Jacob Haynes,Flowers,0.993240516527909,0.149418788941464,0.835254622474806,0.792218400803177,1.18106562545386
Jacob Winner,Fridays,1.03783194878267,0.89802680092722,0.974385545898817,0.33821549974579,0.526610354926486
Jacoby Podcast,Crabs,0.651882488524907,0.36133636877356,0.745669022256004,0.759666707411656,0.383432164186249
Jake Swinger,Millennials,0.13031422627682,0.734049347107614,0.226271746036345,0.47107182544739,0.834875056896007
James Boy,Breath Mints,0.0634267797699772,0.847240420798822,0.752520596255542,0.42081784976006,1.01842598588576
James Mora,Magic,1.09288855179213,0.42381142372654,0.715372638370732,0.680557787892703,1.00041679112701
Jana Beats,Lift,0.634043370014411,0.557794393148213,0.138050230066769,0.930529089026141,0.48606177468634
Jan Canberra,Georgias,0.945366122410705,0.99670434369158,0.986378846558193,0.469186122163747,0.111883234341614
Jasmine Washington,Dale,0.504168217628097,0.413976654701352,1.02809006980662,0.529684809036371,0.571433324908071
Jasper Blather,Mechanics,0.85925141484692,0.109478210138531,0.6370060322255,0.355308605832361,0.392323209686574
Jasper Destiny,Flowers,0.402737168166283,0.0501458655486335,0.461974802945709,0.990371058824769,0.500659709738953
Jasper Ji-Eun,Mechanics,0.416446223241559,0.127548314720841,0.969041397664735,0.699402329146519,0.123999635051023
Javier Howe,Crabs,0.883958917042724,0.662689316820801,0.47894541283363,0.505408858210076,0.440309827809044
Javier Lotus,Pies,0.585050397297137,0.663838973730915,0.934445886645878,0.481531414875004,0.471489182094424
Jaxon Buckley,Pies,0.471379783510601,0.647590572913879,1.1662929339677,0.499628343694739,0.448939202168255
Jayden Wright,Sunbeams,0.818192518598541,0.600347516049838,0.891568585732493,0.138237168850381,0.253575149786193
Jaylen Hotdogfingers,Mechanics,0.825841985229264,0.265877507243375,0.173304171414761,0.665818958095278,0.100224450010002
Jëff DeShields,Georgias,0.713614221239664,0.451674600406392,0.120165442681822,0.649741219055698,0.228586972725055
Jefferson Delacruz,Pies,0.690644217562326,0.654205886777706,0.644437994643403,0.703711228245815,0.840988728953632
Jenkins Good,Moist Talkers,0.01,0.132402945581181,0.01,0.531461137980264,0.250641898318651
Jenkins Ingram,Flowers,0.718743617896371,0.0820547741939215,0.435437803639383,0.443118909167329,0.930667273832777
Jessica Telephone,Wild Wings,1.08370815722255,0.578317923087226,0.975123146231944,1.08706938062743,0.769101887116065
Jesús Koch,Moist Talkers,0.891504054997103,0.367046779789984,0.665041674722909,1.07744502501328,0.289960433801741
Jesús Rodriguez,Pies,0.22654852680798,0.549723072436739,0.854861784001721,0.187795462710175,0.252015789183217
Jode Crutch,Dale,0.620099815338526,0.827682478113986,0.267069390828388,0.976855124956563,0.202536172038347
Jode Preston,Pies,0.530115645505697,0.790947372001176,0.868650333831356,0.80874358399925,0.412749086245852
Joe Voorhees,Sunbeams,0.249222325422796,0.307115849898283,0.357437943450791,0.01,0.700314628385167
Johndan McGhee,Lovers,0.86115360683962,0.941381145737566,0.621722187020502,0.85130023462275,0.874098491395052
Jolene Willowtree,Mechanics,0.0294018545949342,0.973171431877253,0.969354533796146,0.201036906714726,0.545243293406748
Jordan Boone,Breath Mints,0.247647775076414,0.299764072554466,0.583443969395236,0.322931344485997,0.508843538916546
Jordan Hildebert,Spies,0.903359085678978,0.699477978352561,0.974801719900282,0.538102263168483,0.362903135036119
Jorge Owens,Shoe Thieves,0.842537452413393,0.149513633746919,0.656698977371546,0.721052853338475,0.75496529345669
José Mitchell,Steaks,0.624643316143399,0.599818357134496,0.6112856824934,0.947655553457729,0.728170493875815
Joshua Watson,Breath Mints,0.136189137797228,0.676081075845053,0.185698070913764,0.898180463185362,0.297833987897065
Joyner Rugrat,Crabs,0.468378988225921,0.634260660235789,0.862096616144528,0.128733849750413,0.583410788845814
Juan Murphy,Magic,0.401878893463346,0.963356497472547,0.652749714238351,0.332783725900356,0.0696010693159452
Juice Collins,Fridays,0.473812587937379,0.953668524737791,0.770614219827767,0.284311205829907,0.772347157623679
Justice Spoon,Firefighters,0.435123322432312,0.699674787174192,0.01,0.620965139767407,0.142578389385701
Justice Valenzuela,Breath Mints,0.537236553283065,0.872744960593885,0.744399221363736,0.433707646410413,0.596711694321953
Justin Alstott,Tacos,0.160402412568954,0.471244438663059,0.0551610586115125,0.0386302882413654,0.575082013740403
Kaj Murphy,Mechanics,0.436740063847548,0.024801313660888,0.408900399001247,0.275161527052845,0.501207671394668
Karato Bean,Spies,0.817887256246266,0.477032452197245,0.252901095703235,0.726167665577108,0.887482496302471
Karato Rangel,Lovers,0.299560175213285,0.643407779861622,0.385326634489837,0.81503381987543,0.0913949782975154
Kathy Mathews,Jazz Hands,0.662339616605725,0.81820805817183,0.15379617235458,0.88501321075964,0.01
Kaz Fiasco,Worms,0.636209077662483,0.431206902805144,0.624624695184123,0.683440653645008,0.355947959134203
Kelvin Andante,Mechanics,0.467954751469004,0.093991545157299,0.83503699961323,0.765376290385925,0.596359557705465
Kelvin Drumsolo,Mechanics,0.732246445111106,0.88214932574529,0.440788253849302,0.30609990143549,0.566057763242224
Kennedy Cena,Dale,0.01,0.01,0.862347864556397,0.3148215142761,0.129439320928939
Kennedy Loser,Crabs,0.903285149533248,0.546540608724281,0.679257751048038,1.21183332545008,0.495480271028984
Kennedy Meh,Wild Wings,0.01,0.01,0.740621950444848,0.01,0.305386766695007
Kennedy Rodgers,Firefighters,0.846311817178437,0.132005192608778,0.114730300234244,0.629124317532908,0.168343006330185
Kevin Dudley,Tacos,0.167400647546486,0.778004612346699,0.672615353874692,0.65206063174532,0.621062197583612
Kichiro Guerra,Lovers,0.995628355948871,0.890622073080045,0.463640017465781,0.9871989846366,0.680869923840165
Kiki Familia,Hall Stars,0.0709857620357068,0.871044659431973,0.731134866148482,0.673310086390739,0.186016228478157
Kiki Junior Jr,Flowers,0.43691314775767,0.837244623147432,0.254107735179005,0.724490642991948,0.779649645036315
Kina Larsen,Breath Mints,0.340660331516792,0.540353231535171,0.236260697869305,0.614185999201033,0.967290347506211
King Roland,Lovers,0.0275152769583336,0.703919911306216,0.576240769035471,0.794436391616405,0.0462278515062156
King Weatherman,Magic,0.609370169664547,0.712792166109129,1.1621463860112,0.839883722940597,0.526855780302702
Kirkland Sobremesa,Magic,0.207170341596965,0.0821403843850983,0.731951029825179,0.752005319242018,0.910853404337994
Kit Adamses,Steaks,0.286468410126579,0.801439386622539,0.631447873850021,0.710790255443842,0.949451406517331
Kit Honey,Lift,0.584153149689595,0.924455684031148,0.152837012455,0.00987893140245055,0.989217739833194
Kit Ratoon,Worms,0.227440233936016,0.222334513903577,0.0944626700143514,0.437373212140063,0.99698025402022
Kline Greenlemon,Steaks,1.20820011979794,0.694307727406689,0.472156209139303,1.02362144855883,1.15665171714582
Kline Nightmare,Wild Wings,0.413972876419359,0.761521290692448,0.044683439073218,0.075137820191697,0.951745619957259
Knight Triumphant,Spies,0.337043951893818,0.926474674796684,0.674034166100318,0.299308374058829,0.67529081611983
Kofi Gildehaus,Mechanics,0.51722553532448,0.647886412540505,0.0564716702655115,0.124377994980323,0.523132159222512
Kurt Crueller,Magic,0.143318120201896,0.0558957629286225,0.546079986411451,0.456381126383587,0.839894075000662
Kurt Ultrabass,Georgias,0.0620821978047124,0.175447087957778,0.740338004245552,0.872811435019739,0.549061051790275
Lachlan Shelton,Moist Talkers,0.520193112243858,0.370105646387352,0.883404530596521,1.02234036833532,0.477028476543475
Lady Matsuyama,Mechanics,0.253960343455837,0.751325669130613,0.641924803347876,0.9313468258944,0.719240062916761
Lance Serotonin,Lift,0.578410187800307,0.782806692326137,0.162600612223554,0.562331854792204,0.800839099851782
Landry Violence,Hall Stars,0.207110895970502,0.431803276402336,0.00800787518610302,0.505895716163398,0.473708269553955
Lang Richardson,Pies,0.776939755837925,0.668384960239222,0.363366949227036,0.919489924832632,0.378551898752228
Lars Taylor,Sunbeams,0.580017503667386,0.620898280011413,0.890845325043752,0.111694244125393,0.411481673847617
Lawrence Horne,Wild Wings,0.610676548392352,0.408685214939838,0.401807094948266,0.681360605758063,1.02310818187532
Leach Herman,Steaks,0.763957940741635,1.13177565669933,0.69216258288897,0.790672114384127,0.965789855061261
Leach Ingram,Breath Mints,0.146395274342478,0.814440239781,0.636475435524554,0.560828072618463,0.741311316134864
Lee Mist,Dale,0.752537168941948,0.795551577484907,0.0743588405544788,0.947460052331239,0.432459778705922
Lenix Ren,Tigers,0.955095536911785,0.605742038649698,0.87202502615137,0.345246102637181,0.198767627467821
Lenny Crumb,Worms,0.379280108030731,0.560825841094161,0.21802422143539,1.04131741155061,0.460772770609277
Lenny Marijuana,Garages,0.734211816198601,0.603579694788304,0.656393701925254,0.277432847049074,0.722200315414434
Lenny Spruce,Breath Mints,0.958623265915234,0.807527968266977,0.953016721579948,0.54748093969938,0.60525954911593
Leticia Lozano,Fridays,0.639813049039551,0.843064626048705,0.650315462712155,0.0854075548837096,0.419702790940715
Leticia Snyder,Garages,0.563099028032877,0.904507663908832,0.124684913598217,0.146428504418503,0.39402274707708
Liam Petty,Sunbeams,0.769573589978428,0.74398689434006,0.650876423087886,0.201557908640748,0.782884283656662
Liam Snail,Dale,0.0821147661871258,0.553766710891832,0.454177881885373,0.809193890486813,0.982653052046202
Linus Haley,Tacos,0.108113050875717,0.518110601307864,0.397163635307616,0.927384668217103,0.790929229347071
Liquid Friend,Lovers,0.428326522075092,0.754866058637348,0.165212555758202,0.249266819292009,0.239427433354313
Lizzy Pasta,Fridays,0.799842829198425,0.539287081691731,0.998357263514545,0.811899964268878,0.122918985426595
Logan Horseman,Dale,1.10191495281416,1.09725109276884,0.967198975016825,0.94621308534731,0.705249040109265
Logan Rodriguez,Magic,1.10605979275285,0.512981251749318,0.211886025350911,0.854904668721651,0.620764753651734
London Simmons,Moist Talkers,0.196593031381084,0.922419575608039,0.145690840107282,0.915542055771635,0.819065147370561
Lori Boston,Garages,0.94442245342843,0.513431281479239,0.0783291252205323,0.769283737220454,0.334852042306144
Lotus Clutch,Sunbeams,0.271797584082607,0.0143240228040509,0.224708287214249,0.525152057551661,0.0915361235830712
Lotus Mango,Lift,0.906807065268236,0.103963228283417,0.91611791006597,0.67822777989088,0.690720337155999
Lou Roseheart,Firefighters,0.628418978559763,0.970846650928591,0.104628530848901,0.894233357419492,0.444972537065418
Lowe Forbes,Jazz Hands,0.901002291449138,0.574385613525289,0.60429868690238,0.519770516329629,0.21164250220009
Lucas Petty,Breath Mints,0.718156560759487,0.0398068540353162,0.835705696625765,0.578263340699249,0.568885330744991
Lucy Tokkan,Pies,0.599523473570746,0.0893990655531096,0.86517733468385,0.286196086026223,0.45232735944516
Luis Acevedo,Crabs,0.3373908160387,0.806239702925678,0.633220667162673,0.208592698244109,0.625357852311677
Magi Uppercutski,Georgias,0.682933131421325,0.443378517139042,0.429645021090997,0.708020855711317,0.191922773425802
Mags Banananana,Firefighters,0.44405272803704,0.90081094411335,0.377742958790322,0.113495414248475,0.285487199508257
Malik Destiny,Garages,0.126498946309449,0.563673201958066,0.517494583655217,0.700934397445307,0.827627275097362
Malik Romayne,Spies,1.06137954613195,0.555867817851368,0.15533579150342,0.608030658810964,0.264552745341611
Marco Escobar,Spies,1.01982951852503,0.0633554395230549,0.378853509706955,0.257718436966842,0.878616916827811
Marco Stink,Breath Mints,1.21532044883597,0.983373862505424,0.901162803213999,0.798211804359625,0.388485090735252
Marco Winner,Jazz Hands,0.955755767436546,0.000619236453560656,0.88264601819998,0.573536086055849,0.398473868677795
Margarito Bishop,Jazz Hands,0.119049759697305,0.664610491737742,0.710886670089362,0.516697786806547,0.397028723777687
Margarito Nava,Flowers,0.5231193883369,0.925785851258803,0.785811233068602,0.50117372547933,0.450691939476092
Marquez Clark,Breath Mints,0.306981000834765,0.750679437440308,0.833179319834748,0.71855756005199,0.605031111160356
Matheo Tanaka,Crabs,0.304099830629098,0.41797201484826,0.539106049154135,0.687899421324716,0.592811665429366
Math Velazquez,Spies,0.979988450568157,0.938434693646356,0.721989135433483,0.192382016726558,0.729802618771773
Matteo Cash,Wild Wings,0.77030923641251,0.261403434997896,0.412560525535223,0.676072975058476,0.458878003977435
Matteo Triumphant,Tigers,0.842440699462916,0.566529313920892,0.506202764608397,0.621325713431716,0.604961933698098
Mayra Buckley,Fridays,0.871637026369417,0.785005904430653,0.339743990917116,0.426677786341007,0.315176919668647
McBaseball Clembons,Tacos,0.634012603302209,0.664340940372893,0.508401859276515,0.81000003544742,0.876910886275564
Mcdowell Karim,Garages,0.177651144263454,0.364769852061544,0.98550897444425,0.838746863714052,0.518833956739554
Mcdowell Mason,Tacos,1.11590911038702,0.616715652057291,0.872689031212001,1.2263940636378,0.707754417049938
Mcfarland Vargas,Pies,0.812167849958262,0.922764740397931,0.557085300190556,0.421246049616858,0.482376529934457
Mckinney Vaughan,Fridays,0.903662898911266,0.255662591858694,0.389148729281653,0.551017120707788,0.362230394526343
Melton Campbell,Fridays,0.766754283452529,0.994090487790232,0.172365146958965,0.762898467122719,0.881664098874311
Melton Telephone,Magic,0.862982285951142,0.521677285792347,0.491932271487381,0.733604234848171,0.3466514128937
Miah Jesaulenko,Georgias,0.0841694362452852,0.975589637739948,0.818142147853004,0.925551772460713,0.890568956029659
Michelle Sportsman,Tacos,0.980164532354311,0.493085944325739,0.125232556298823,0.550490383164764,0.330533620199746
Miguel James,Sunbeams,0.0833332740525748,0.695999725487786,0.71131431805563,0.491406661154682,0.790996776120013
Miguel Peterson,Crabs,0.76683597608388,0.624185481435582,0.712657899410513,0.906741702765138,0.826964563638022
Mike Townsend,Garages,0.965712829538295,0.143908014241599,0.0684013832286192,0.84135278407362,0.291203683438807
Milo Brown,Lovers,0.413061185411472,0.125113925307916,0.464087421195957,0.13494663461995,0.428802397801337
Minato Ito,Steaks,0.676021019984475,0.79919689076237,0.647486006951256,0.146078976312779,0.706835890348373
Mindy Kugel,Garages,0.520474016513383,0.568331059171447,0.750200084178431,0.241050028503908,0.330039759396643
Mint Shupe,Georgias,0.703410560237559,0.502931989299064,0.156137624330411,0.001,0.143479995009182
Mira Lemma,Mechanics,0.763209698595049,0.434584275303854,0.431543121668701,0.0782769583911203,0.560165161773849
Mohammed Picklestein,Spies,0.120535459125722,0.875859342704422,0.0605635784144993,0.945167190899592,0.796367551043001
Montgomery Bullock,Fridays,0.152174599386546,0.175452720416271,1.00438138675503,0.876952094003973,0.366066804841335
Moody Rodriguez,Tacos,0.668681544115441,0.0373650660515896,0.453524364903079,0.37529835229665,0.458873317316967
Mooney Doctor,Moist Talkers,0.619314486030586,0.771656863566501,0.250021565489842,0.382859971845567,0.80854522296924
Mooney Doctor II,Breath Mints,0.917040335233321,1.06016517503667,0.492277442706026,0.635001597057574,1.07240933814041
Mordecai Kingbird,Georgias,0.814900764179361,0.955350228446108,0.461345464495124,0.764137256692144,0.478962517856076
Morrow Doyle,Hall Stars,0.775150766585074,0.298090116511059,0.204576936717917,0.758984599472456,0.686293762940283
Morrow Wilson,Lovers,0.26753989326318,0.154093595606377,0.480476677626504,0.001,0.323179328635409
Moses Mason,Flowers,0.721447724386919,0.544894293538098,0.878043691768253,0.399264408687111,0.647883699554848
Mullen Peterson,Wild Wings,1.04403780916028,0.653614776210128,0.585218943573354,0.585619542261006,0.371616202687023
Mummy Cantburn,Pies,0.939392801151817,0.288250128237664,0.832319899786192,0.759434638480993,0.0987621611872516
Mummy Melcon,Tigers,0.576480647504423,0.278295180194271,0.846673898152867,1.07270253548032,0.853713745831511
Murphy Thibault,Tigers,0.924938632292539,0.0529908856543828,0.812263518353033,0.991813911474282,0.737260646496
Muse Scantron,Worms,0.160363562632368,0.94221280081825,0.235850390334966,0.900646273195365,0.329663645561201
Nagomi Mcdaniel,Flowers,1.50339156536897,0.87882177601691,1.44667756590963,1.47559213737164,1.44638570929846
Nagomi Meng,Tigers,0.0018194321129088,0.335543658160897,0.296255183551779,0.517108299740486,0.638291767247477
Nagomi Nava,Sunbeams,0.850588199291549,0.568308026390629,0.203520912949188,0.981594685780632,0.778861770100598
NaN,Millennials,0.444506408097516,0.229419894886875,0.606834023674868,0.04647704994693,0.569915954643874
Nanci Grackle,Georgias,0.497690941988394,0.168244838730234,0.892956373079071,0.211339042698104,0.049186452331099
Nandy Fantastic,Millennials,0.458025831073827,0.786251158995198,0.717741485953614,0.619709016737958,0.880595489441382
Nandy Slumps,Lift,0.923281203125197,0.766994930641273,0.362559943855641,0.668094551065017,1.02540897130279
Natha Spruce,Moist Talkers,0.321363753527745,0.596238080212228,0.258289119014741,0.461659890793761,0.121241272013292
Neerie McCloud,Georgias,0.627146876920053,0.417750622613433,0.919913860757643,0.265708036007842,0.0626495776006266
Nerd James,Lovers,0.654270864509503,0.939653194526155,0.877843334211013,0.552950007137706,0.345478559504103
Nerd Pacheco,Tigers,0.428776288644684,1.08092350868125,0.554925998631327,0.596972262554907,1.15092404093096
Newton Underbuck,Sunbeams,0.835561863973174,0.224689990689233,0.570143136194016,0.0798946426812148,0.683445831500788
Nicholas Mora,Pies,0.494685802999144,0.930002960334426,0.679298454390746,1.10688850689406,0.982562065095622
Nicholas Nolan,Fridays,0.342685300829159,0.17740596904925,0.229634906210995,0.95992014984933,0.739698845040795
Nicholas Summer,Spies,0.600970657862528,0.311944184116324,0.394718360287154,0.697747992637827,0.767648109742609
Nicholas Vincent,Tacos,0.600882010395972,0.228677386545046,0.535091902090808,0.529720323513965,0.309405952847024
Nic Winkler,Flowers,0.669517434245795,0.576177271655639,0.677725072820817,0.607098532810521,0.393313747493795
Niq Nyong'o,Georgias,0.264595066483825,0.936322185481818,0.706933025530662,0.327238798046799,0.208007195040395
Nolanestophia Patterson,Garages,0.77222943355608,0.629978798266161,0.800375122465628,0.10705194219788,0.102790955040127
Nolan Violet,Spies,0.361329456229684,0.974699591249952,0.648245941633187,0.296827785192893,0.857762600109188
Nolastname Sokol,Magic,0.228354584615521,0.552876132366519,0.104220395305064,0.615537186356476,0.73008027572929
Nora Reddick,Millennials,0.697616642952549,0.40054991229802,0.444714781563928,0.930608061202854,0.792090694017565
Norman Muggins,Worms,0.508614171133922,0.14271474670121,0.053776113211456,0.572428131575242,0.531811605866797
Nucleus Cresthill,Sunbeams,0.887457433090935,0.723194188651687,0.873902328576242,0.461093565495044,0.852728540074313
Nucleus Street,Lift,0.219115196361262,0.827224582008323,0.0608110573457401,0.761991162207295,0.918537992819682
Nyx Snapjaw,Worms,0.944614469919793,0.711782985516974,0.240623637847735,0.828971335581605,0.130507562670465
Oliver Hess,Shoe Thieves,0.67710809108195,0.437629479034988,0.0509996304879467,0.804111991687882,0.629414509836296
Oliver Loofah,Garages,0.496413251211191,0.97946415255495,0.177715426232129,0.859684628315916,0.404751609529265
Oliver Mueller,Garages,0.175294299901585,0.226658715986566,0.563671509821677,0.973982897303949,0.659134024277726
Oliver Notarobot,Garages,0.454473360178329,0.558716376002198,1.14075666552838,0.395308800479301,0.591987480769478
Orpheus Yardstick,Firefighters,0.600720282866749,0.832567530293089,0.391724737908562,0.954221453830695,0.166337219348084
Ortiz Lopez,Lovers,0.891794470476557,0.257495097837058,1.09289978177406,0.310893120957968,1.08415522965519
Ortiz Morse,Garages,0.499932663742078,0.325882956847502,0.0750314377090233,0.480446101886561,0.348933575980362
Ortiz Nelson,Tacos,0.199638769090564,0.705680836603091,0.979755774627674,0.435511816644131,0.375524992848743
Orville Manco,Steaks,0.924941897768882,0.329563241591606,0.466762914920029,0.160559720283548,0.103117046123323
Oscar Dollie,Magic,0.137189269628608,0.988846805038852,1.11838058374854,0.860511068934498,0.924749716854224
Oscar Hollywood,Spies,0.834463452971339,0.468758217618829,0.427445031983825,0.77330737207514,0.27249013509536
Oscar Vaughan,Breath Mints,0.402699161769034,0.842822522807668,0.434357223761566,1.00931233605639,0.506069516228555
Ovid Schofield,Mechanics,0.937568016547732,0.319233930627884,0.663364215269472,0.643046500692033,0.867437580303741
Owen Picklestein,Flowers,0.0968078855305261,0.506662881258506,0.727011802010698,0.0952067167974497,0.071582905172185
Pacheco Weeks,Tigers,0.497100131081315,0.546900792496988,0.281210910935722,0.824757114233685,0.30686269435864
Parker Horseman,Spies,0.605973161157398,0.97210437264303,0.829201617389463,0.494631304105059,0.828474461537703
Parker Meng,Lovers,0.50869603938816,0.272346921726376,0.299998845071739,1.00225328766541,0.461593436376021
Parker Parra,Crabs,0.892137983873673,0.945289668118501,1.03638346843295,0.458907430332056,0.690542507325579
Patchwork Southwick,Worms,0.949579118591276,0.284667245975065,0.193621137661361,0.504922876401328,1.01059592317076
Patel Beyonce,Steaks,0.63701721805625,0.485604356826268,0.789194083108445,0.119539464951307,0.652557237263345
Patel Olive,Firefighters,0.395422851717606,0.426651619772704,0.455352572776853,0.83815509629102,0.606348779622436
Patty Fox,Millennials,0.738006463335189,0.054232238200448,0.868050640211746,0.367699876948305,0.433394010441936
Paula Mason,Tigers,0.766741462528667,0.846085514903897,0.09,0.09,0.75598161646231
Paula Reddick,Sunbeams,0.598175849086924,0.175162161611858,0.508699727116526,0.216137470040763,0.234011001198409
Paula Turnip,Garages,0.985459216292487,1.039795511763,0.366169691702184,0.600792928987684,0.188336208160548
Peanut Bong,Tacos,0.587951826846772,0.902002228857005,0.166261198565542,0.62435083737588,0.6561796361421
Peanut Holloway,Firefighters,0.481880294814206,0.618805769731151,0.362588192253896,1.04740627525849,0.848307642987216
Peanutiel Duffy,Firefighters,0.264727173305993,0.110991200532876,0.746022550493795,0.768004225991114,0.663925221431516
Pedro Davids,Crabs,1.17020728581432,0.649158784959729,0.870434591704689,1.53820947351331,1.17155456732595
Peekaboo Nameperson,Spies,0.540913148407812,0.405914766734057,0.285997873143752,0.145224545497216,0.590710041641987
Penelope Mathews,Millennials,1.20999756620023,0.901309078893064,0.814941975820823,0.716522345157195,0.361315221012749
Percival Bendie,Tigers,0.609085386038748,0.291239985338097,0.446811349413107,0.478369315659966,0.373724859077309
Percival Wheeler,Lovers,0.789033715094124,0.540055658920542,0.0621162715877468,0.531824445167438,0.157651625386103
Persephone Splotter,Worms,0.342408872254366,0.555780501847067,0.248495177204397,0.584829886301644,0.976002781468592
Pierre Haley,Crabs,0.574952837057315,0.200129315276133,0.123406661041282,0.211178372621689,0.438649338588415
Pippin Carpenter,Tacos,0.847132234040923,0.674358041189422,0.631862166583657,0.0464541314199924,0.248309801195751
Pitching Machine,Worms,0.16627457814208,0.499921802364849,0.23015091953499,0.836461858199116,0.0765695605934092
PolkaDot Patterson,Mechanics,0.927201179948989,0.0688795797624958,0.362901611277293,0.360048436649596,0.240873435857095
PolkaDot Zavala,Breath Mints,0.64759808750394,0.596928353732993,1.04361756134675,0.400706504219939,0.3794402661656
Pollard Beard,Steaks,0.312980670901907,0.0827046659050628,0.982572475577886,0.730025291358169,0.105586451675943
Pudge Nakamoto,Shoe Thieves,1.14011718663776,0.432731531369051,0.645380528801819,0.269569642527808,1.07754068095735
Pug Meatbrick,Fridays,0.600307417685234,0.143077204177777,0.262654571615556,0.183575618922273,0.812823661678468
Qais Dogwalker,Dale,1.17711171505181,1.32525639278414,0.836760582163635,0.963504520439149,0.618015843345132
Quack Enjoyable,Garages,0.253061048476813,0.579689781340826,1.05888866508891,0.350426387718853,0.429614112731172
Quack Hookrace,Lift,0.911267669383997,0.514343765078035,0.715643587329493,0.691627008801533,0.154294983145517
Quantum Flahwah,Spies,0.52875051594019,0.377187387254436,0.920214562657019,0.714493193303714,0.868857563981616
Queithlein Shufflecat,Georgias,0.393106849451443,0.573709177512962,0.891161312270917,0.621723581725757,0.584959737355727
Quinns Jespersen,Mechanics,1.02824162415069,0.125866858903583,1.04693744256532,0.854256441281627,0.0895025960609991
Rafael Davids,Wild Wings,1.07376286368057,0.274460654548744,0.410445735830564,0.656349238757431,0.653739688973576
Rai Spliff,Steaks,0.518022413747121,0.783425976712877,0.58269951763153,0.506758714024633,0.971414752654281
Ramirez Winters,Millennials,0.205512200180356,0.207167545268819,0.0954126974317202,0.60521872131177,0.755434067874458
Randall Marijuana,Hall Stars,0.213071120906535,0.377957003830774,0.787597679031486,0.599822498755677,0.0747019365416388
Randy Castillo,Tigers,0.131840274147339,0.168546790511423,0.876726083537423,0.732410632821364,0.558437804683703
Randy Dennis,Dale,0.895996978098032,0.325400347098367,0.723098191866294,0.410568916856495,0.742810113047458
Rat Mason,Tacos,1.07833541652827,0.330520136827767,0.313132367865022,0.348497198841031,0.490568297372083
Reese Clark,Spies,0.788348093743615,0.27576598112357,0.475145350921691,0.377588543846618,0.375609775328933
Reese Harrington,Steaks,0.19552101792932,0.201974883414127,0.489949471741137,0.250744254113302,0.139349594220946
Reggie Canberra,Millennials,0.802797448011098,0.347866261635684,0.562692905204326,0.99128239289898,0.372690701217977
Ren Hunter,Millennials,0.881203140943303,0.710700288148725,0.365504150023929,0.919253278710275,0.509580454456846
Ren Morin,Tigers,0.0559513380364603,0.650989627315524,0.0734540751905717,0.0339737758766231,0.707508438548481
Rey Wooten,Magic,0.57945077234521,0.983547704078862,0.209516443663558,0.821991197527171,0.0746407702525362
Rhys Rivera,Shoe Thieves,0.254094021659418,0.638015570832477,0.211663323837608,0.890447346579853,0.699808071921195
Richardson Games,Shoe Thieves,0.882803555217553,1.41617791265206,1.32306091144342,1.41548201173021,0.992724952091337
Richmond Harrison,Tigers,0.960460122702761,0.867918342217083,0.433530621752135,0.309558150477738,0.176077634349044
Rigby Friedrich,Georgias,0.827355212735936,0.91394907242692,0.439736096288497,0.849950174323871,0.959843171368143
Riley Firewall,Dale,0.194195225242706,0.0988006808797881,0.86389905108615,0.725979038114134,0.844378667149729
Rivers Clembons,Dale,0.139598660149703,0.822648785062938,0.593366600882068,0.909493081379825,0.330967709644048
Rivers Javier,Wild Wings,0.412786826446883,0.350152162665564,0.100554350754561,0.280845578720923,0.313685185314311
Rivers Rosa,Firefighters,0.803302783809064,0.756105463005764,0.919922913246971,0.501251833395691,0.93797541190914
Robbins Schmitt,Crabs,0.660141256998241,0.515421010436381,0.664407209059762,0.534996466697003,0.732300233843534
Rocio Caster,Worms,0.118305088885681,0.584181859358909,0.0547413250699131,0.124911138903654,0.0475862165171668
Rodriguez Internet,Breath Mints,0.601564466403965,0.395775084922802,1.08601226727665,0.610094608896374,0.402066619889618
Rodriguez Sunshine,Shoe Thieves,0.709361170865423,0.847891524400461,0.348522935263776,0.56940093080354,0.417826051949399
Ronan Combs,Wild Wings,0.459917657848955,0.246192967503158,0.700058288352689,0.555459708872189,0.608639998267261
Ronan Jaylee,Steaks,0.96369627925318,1.06079674470224,0.679033307004321,0.338415519025038,0.618596748043182
Rosa Holloway,Crabs,0.659464784580899,0.310503529734711,0.660610020094264,0.600517450869055,0.208732846094125
Roscoe Sundae,Wild Wings,0.650017646659246,0.602630128010088,0.393293178563288,0.700173802260796,0.519427695968424
Ruffian Applesauce,Mechanics,0.819846689074629,0.0860169638791013,0.703999409195066,0.69260578912999,0.194181943665571
Rufus Kiddo,Mechanics,0.58119932253586,0.00160158483619743,0.0670489277079891,0.228952012136458,0.799512374728274
Rush Ito,Dale,0.096779325378076,0.154059612562684,0.81443334154279,0.985714646000137,0.406579168624342
Rush Valenzuela,Firefighters,0.0915771183106211,0.509188491050628,0.537682137596872,0.647219442114551,0.0255822141648228
Ruslan Duran,Millennials,0.18838106751269,0.90960781368532,0.0759303218629794,0.309493612438292,0.694500556914518
Ruslan Greatness,Pies,0.644801044209681,1.32199196128764,0.534896265530965,0.526964582701062,1.06652735411599
Russo Slugger,Jazz Hands,0.112929354466001,0.399092260360101,0.551157968311178,0.809994305298326,0.736529349725003
Sam Scandal,Steaks,0.83041722646706,0.77282799204155,0.881585650138155,0.551121597109602,0.886807993940069
Sandford Garner,Lovers,0.980017212882321,0.584831470329134,0.353828123417794,0.98672384511916,0.369451668639621
Sandie Carver,Breath Mints,0.395806635014261,0.39740635242152,0.144690034082508,0.793908352887412,0.86732951084762
Sandie Nelson,Lovers,0.165845109478158,0.242664618131581,0.872809802651526,0.665731756960616,0.11998503453378
Sandie Turner,Millennials,0.73943316748155,1.05021207126627,0.945192462217395,0.455212623437043,1.06345440483055
Sandoval Crossing,Sunbeams,0.564875238665754,0.792927720787143,0.0793133471633478,0.665211718644309,0.478640963363489
Schneider Bendie,Millennials,0.469840078631753,0.946914445253001,0.934956057659526,1.27531819650057,1.10740935170705
Schneider Blanco,Garages,0.237274856031054,0.997874203948933,0.436167856036612,0.727585729927879,0.551531356226398
Scores Baserunner,Flowers,1.02326792138489,0.512043763068428,0.903196997628707,0.550867684008769,0.343949160490412
Scrap Murphy,Hall Stars,0.265024904122719,0.0559104638031069,0.730235508062657,0.845216701696131,0.306918879975717
Scrap Weeks,Sunbeams,0.429451932909193,0.83429604718039,0.351538259272202,0.168038317642982,0.906518412250592
Scratch Deleuze,Worms,0.0877432978339078,1.00316578731899,0.997927156001025,0.384598977124404,0.75412493648978
Sebastian Sunshine,Hall Stars,0.167673075676893,0.55007859666044,0.581069216890246,0.975371882109865,0.0744647376143568
Sebastian Woodman,Shoe Thieves,0.49944992947116,0.949006144238567,0.531026291044153,0.233631871429345,1.08126521202509
Sexton Wheerer,Tacos,1.13206223895912,0.471347051321491,0.925343039575623,0.837428222441855,0.74750554505219
Shaquille Sunshine,Flowers,0.293433428101082,0.412021797504222,0.456331115414973,0.77254353818954,0.259303802374397
Sheri Friday,Lift,0.586108020194407,0.291165725224398,0.381988205615343,0.476708966560278,0.471480654295382
Shirai McElroy,Moist Talkers,0.96837624779404,0.294439449125704,0.272286682865636,0.514891392135406,0.487377221060333
Sigmund Castillo,Sunbeams,0.448397260199613,1.17832405615269,0.350915778608465,0.770684235538878,1.13348614604223
Silvaire Roadhouse,Crabs,0.539402068148032,0.547653318085331,0.809918332601829,0.141110197747455,0.272013745699541
Silvaire Semiquaver,Lift,0.850736529256601,0.819558678892404,0.0386167591618314,0.0116349509876297,0.0440353156839717
Silvia Rugrat,Wild Wings,0.767001749089389,0.163835092986044,0.0915846827671654,0.0861159058005032,0.134917741015468
Silvia Winner,Lovers,0.0661671973936975,0.581883934772415,0.640733341252681,0.897963688662897,0.323813566477338
Simba Davis,Shoe Thieves,0.661756436535583,0.530856911712122,0.902874181127507,0.433675667713394,0.525474311968542
Simon Haley,Shoe Thieves,0.727854727262254,0.834368105277332,0.475675828758725,0.527487374702323,0.879439948337961
Siobhan Chark,Georgias,0.308543146930903,0.283293109796559,0.10841445521345,0.0566989225237331,0.673079815249604
Sixpack Dogwalker,Steaks,0.943916418305555,0.0596527345415279,0.0610412379815848,0.866124715609184,0.131032075320107
Sixpack Santiago,Dale,0.65696498292015,1.06141557348168,0.889650719899351,0.508447576259949,0.636884034594971
Slosh Truk,Georgias,0.733858671581759,0.273208013211077,0.204091848140732,0.950644499367312,0.211725108939982
Snyder Briggs,Shoe Thieves,0.823062147137275,0.0558683063341392,0.284495435662483,0.884885727948797,0.804973205269971
Socks Maybe,Firefighters,0.318195295397719,0.650251952616731,0.549567236853348,0.204478116405883,0.0606275458954464
Son Jensen,Tacos,0.572279955647867,0.797266482276697,0.787409925763771,0.212214041870199,0.793126726890925
Son Scotch,Spies,0.331329496438427,0.461462801372744,0.485582892568587,0.420994341863118,0.598958573578871
Sosa Hayes,Spies,1.0695484352667,1.24422087917397,0.476568869137085,1.07818955288146,0.903429326775727
Sparks Beans,Garages,0.75338869289787,0.556553229784044,0.454949100103463,0.324849976949113,0.748303842174337
Spears Nolan,Moist Talkers,0.616617458619128,0.19875500416024,0.607413711020979,1.02387946885273,0.542264243610909
Spears Rogers,Jazz Hands,0.694138966652181,0.570445926869563,0.144452998081153,0.147377970630544,0.454051430098797
Spears Taylor,Fridays,0.31962947355315,0.393310424626698,0.958190985746946,0.486821168069318,1.01145446818922
Spiff Piazza,Mechanics,0.0690506836150739,0.161267404642226,0.868165419742523,0.584708056083265,0.612240891591795
Spits Strongbody,Lift,0.0437773217543165,0.155636579019443,0.623745510849751,0.177401543378603,0.494852399644557
Squid Galvanic,Crabs,0.798781559761939,0.860183966733685,0.0373411107944086,0.146210933642426,0.775575627771461
Steals Chark,Georgias,0.890218113897259,0.159066992197659,0.394515599107016,0.975350999704852,0.12553784131355
Stephanie Donaldson,Fridays,0.0664812949947142,0.0319491767338571,0.397945373858977,0.904852399747826,0.238828771811491
Stephanie Schmitt,Flowers,0.93048933699461,0.311989069954988,0.904191833637036,0.444389678614,0.358092522745444
Stephanie Winters,Wild Wings,0.0639802642367502,0.0512581127091016,0.846506370546225,0.577286593320795,0.233343519135011
Stephens Lightner,Jazz Hands,0.414674519044107,0.644504452611782,0.582139070416688,0.33219578379329,1.09661000917664
Steph Weeks,Jazz Hands,0.514166736169028,0.75658261762445,0.729899645542545,0.289259605777492,0.883780808955346
Stevenson Heat,Fridays,1.10503855522661,1.02323504606417,0.378558699106163,0.571351444742751,0.708469651298007
Stew Briggs,Breath Mints,0.693980958988656,0.54982364156664,0.498368995431408,0.001,0.0920193447029644
Stijn Strongbody,Lift,0.841857577871975,0.265263553114016,0.325436771235951,0.56262314524052,0.191982262946335
Stout Schmitt,Dale,0.766251534653347,0.598384064086279,0.668523867336783,0.607125970727851,0.881936766932039
Stu Mcdaniel,Flowers,0.734062978182599,0.321313794492558,0.0580573864133751,0.98210085311542,0.902013191655012
Stu Trololol,Shoe Thieves,0.652091678348791,0.184296271208966,0.150710063220142,0.964439471650243,0.786561073327619
Sullivan Septemberish,Tigers,0.923199375362701,0.352561809630847,0.186296322821154,0.652358778328688,0.578327192337198
Summers Pony,Garages,1.11095977775735,0.274768487407615,0.344174611662115,1.19943193158753,0.763057904313284
Summers Preston,Wild Wings,0.213337388996457,0.333343772240732,0.001,0.918437100701549,0.001
Summers Slugger,Dale,0.828646804572565,0.80176358945641,0.00951563258084276,0.905815452986857,0.650352628875965
Sutton Bishop,Sunbeams,0.395295717251445,0.611948678496191,0.797908060300373,0.223499690794315,0.690629842232586
Sutton Dreamy,Fridays,0.597446705121796,0.307902047154704,0.557909413436363,0.955769820510658,0.938789697352053
Swamuel Mora,Firefighters,0.841816230234187,0.667054381564528,0.932639497565441,0.384844675544226,0.599430213304659
Tad Seeth,Shoe Thieves,0.549975925451174,0.653213016922012,0.516903526226633,0.176776173850036,0.457818968281948
Tamara Crankit,Jazz Hands,0.422753530453224,0.510877184314237,0.834378360080925,0.383055040534014,0.709812461364337
Tamara Lopez,Steaks,0.337608422456429,0.844637083939951,0.56884736970197,0.816426321556179,0.426383278205319
Terrell Bradley,Garages,0.430620132456447,0.434186781041292,0.0710085819747468,0.0882274964503858,0.974140470147965
Tevin Melcon,Shoe Thieves,0.408801622154016,0.426553627630725,0.455285139404174,0.388405514965578,0.464300940573459
Theodore Cervantes,Millennials,0.3185418958794,0.873863524107583,0.824700007102884,0.741062019672022,0.242973968564949
Theodore Duende,Garages,0.387364947448125,0.384438474414979,0.718667805747343,0.486032866116281,0.656832128318982
Theodore Holloway,Spies,0.642545916752732,0.662891927945101,0.212251716163714,0.328633063156768,0.674171834960928
Theodore Honeywell,Lift,0.503312114340443,0.0404623884654751,0.0119665284839423,0.552579525842144,0.0483856806652141
Theo King,Lovers,0.672091400096036,0.209353453672859,0.36419280957494,0.352454028932643,0.228047325170902
Thomas Dracaena,Millennials,0.989217463201611,0.0540574193725181,0.984915443056674,0.430212017214982,0.625526695199731
Thomas Marsh,Crabs,0.552275825125742,0.255896800527425,0.596504362878968,0.609510101805866,0.0779174674794125
Tiana Takahashi,Pies,0.587106578113598,0.555605533301738,0.160364162624771,0.74914057912081,0.176794020240957
Tiana Wheeler,Magic,0.166247409530433,0.0855746983598175,0.208935244716587,0.545147886813038,0.74303118423277
Tillman Henderson,Shoe Thieves,0.904805688511986,1.58026021418781,1.55811518006151,1.42346295605779,1.1461460836633
Tillman Wan,Garages,0.889379050718938,0.579340225134766,0.88215482438867,0.445224049551965,0.161746707407711
Timmy Manco,Fridays,0.761607660977661,0.828614547909318,0.652470937129922,1.02217445160273,0.68374872366606
Timmy Vine,Millennials,0.0162919968163424,0.255486317834893,0.312913372385243,0.558790897137345,0.626569330432714
Torus McGhee,Mechanics,0.0680267608349561,0.31741107772789,0.665303902839144,0.372508302082662,0.0828823895323161
Tot Best,Sunbeams,0.17116423117814,0.106147757804921,0.409571358473205,0.878769852239225,0.950741944509349
Tot Clark,Garages,0.863225952467319,0.409114725809328,0.841774441080145,0.841343977504162,0.798302793365443
Tot Fox,Crabs,1.3623074982244,0.6586391899234,0.78144540421123,0.802949145399998,1.27343318504827
Travis Bendie,Magic,0.761787737119815,0.979683788677618,0.642578558080375,0.0743137004331964,1.01674886444143
Travis Nakamura,Firefighters,0.46084901772743,0.958931817154431,0.435395055580093,0.907435585183173,0.165269932456545
Tristin Crankit,Flowers,0.59559893978039,0.6232967884853,0.536319231329314,0.866200310334553,0.58679494391869
Tucker Flores,Moist Talkers,0.400511585003238,0.402664825617968,0.427063375377385,0.26078158249642,0.0880705778791892
Tucker Lenny,Magic,0.806798639526307,0.824861487214428,0.566563734889254,0.61167715057881,0.0678983114047478
Twofurious Puddles,Pies,0.514859820399303,0.19339022562433,0.378032988734126,0.863078884193286,0.888751908993253
Tyler Leatherman,Firefighters,0.431767026743556,0.750288763167192,0.913742824074119,0.456368786425449,0.378625272690004
Tyreek Cain,Firefighters,0.709256370615774,0.947760249707127,0.0100558796407653,0.145191238310604,0.243992102241595
Tyreek Olive,Hall Stars,0.253265725452369,0.846221765641294,0.093561294481594,0.791724362806734,0.187021845364312
Tyreek Peterson,Moist Talkers,0.612712086796917,0.57777595886342,0.886314574039389,0.148270996638982,0.774157014387588
Uncle Plasma,Millennials,0.881839845901885,0.962928977672481,0.795799463835793,0.709996859403547,0.325507151127956
Usurper Violet,Tigers,0.222526411337038,0.829726530716812,0.996871132711344,0.0154305619303101,0.013190626926588
Valentine Games,Tacos,0.561946873749378,0.957968393502736,1.25131442579656,1.302957149883,1.12065933508718
Val Hitherto,Lift,0.418119241860488,0.30063356422562,0.632715340388309,0.102985410781667,0.65951288651816
Velasquez Alstott,Shoe Thieves,0.16023664142872,0.424061160257855,1.03661849200881,0.18883267042658,0.439236927051566
Vessalius Sundae,Worms,0.927110319244114,0.488892690154826,0.621598262548432,0.175052057588911,0.437179352942186
Vito Kravitz,Tacos,1.0120960435362,0.816349730122024,0.406670115089767,0.971926143223382,0.267304972039243
Wade Howe,Flowers,0.92807335763357,0.921789791879803,0.142005127801817,0.586957164193432,0.221975987216094
Wall Osborn,Moist Talkers,0.553140741981071,0.44556998371091,0.748903395863638,0.113788273385071,0.393995425562642
Walton Sports,Jazz Hands,0.928387730620946,0.760265086863053,0.533084215386708,0.0907710535889342,0.270565540382717
Wanda Schenn,Worms,0.879365231438348,0.140636132451963,0.79691746691981,0.544560926209037,0.129491476513095
Washer Barajas,Magic,0.129642287814192,0.264499331596799,0.658932949041849,0.146182126268217,0.247423155023947
Wendy Cerna,Steaks,0.858076616947043,0.440309303855628,0.247745956427957,0.975061216652177,0.293218678739959
Wesley Poole,Firefighters,1.18334188290542,1.08735616515058,1.13123820008007,0.761113471746561,1.15684390322895
Wesley Vodka,Tigers,0.303255193928032,0.180912851286198,0.98822247854247,0.187223469896235,0.812891484718455
William Boone,Shoe Thieves,1.01818620441315,0.209082110332955,0.630586892845278,0.747019128932279,0.892061971330151
Winnie Hess,Breath Mints,1.04423078290338,1.39186556604651,0.44954023211079,0.747256433804221,0.826195130783148
Winnie Loser,Shoe Thieves,0.259241456350464,0.453577649086449,0.295113080956678,0.62973416443974,1.02314476754909
Winnie Mccall,Millennials,0.435044200668316,0.932032336769475,0.220366452056676,0.169815543022687,0.521714405758448
Workman Gloom,Hall Stars,0.290777163512745,0.348987104176265,0.794493922943093,0.966841525835003,0.792121815269114
Wyatt Dovenpart,Tacos,0.965002596565393,0.293153446406695,0.389827274041443,0.434880232607957,0.470994063756897
Wyatt Glover,Magic,0.163543032118076,0.43665439725393,0.8390936644861,0.846407522632804,0.761434581618445
Wyatt Owens,Dale,0.25325445909423,0.850183651661734,0.63038512461796,0.01,0.01
Wyatt Pothos,Jazz Hands,0.428310649662616,1.074637144996,1.10607599192964,0.417365295919561,1.07281058753756
Wyatt Quitter,Lift,0.191665383682762,0.186305121428509,0.713049321620478,0.203903608121371,0.20615344997036
Xandra Pancakes,Worms,0.703914671630065,0.910938127474912,0.0970324815049892,0.510731682064238,0.860643419544863
Yams Rolsenthal,Jazz Hands,0.658664468708569,0.823519146787308,0.0483740735232783,0.989514413808071,0.829304474172855
Yazmin Mason,Hall Stars,0.305989902802362,0.196647310002892,0.469613911690436,0.401091418342864,0.69011723751513
Yeong-Ho Garcia,Lovers,0.908912155323384,0.780673979814564,0.352383904295338,0.90850825156444,0.288263406295911
Yong Wright,Wild Wings,0.674754258557765,0.407014764360599,0.791570217271714,0.933879390220917,0.208413477516696
York Silk,Moist Talkers,0.467293660209261,0.733795540600398,1.0521487364939,0.132779644728912,0.951968064913062
Yosh Carpenter,Lovers,0.86822096616745,0.553679074890341,0.159925288475787,0.573114532413546,0.134186375800817
Yummy Elliott,Tacos,0.0676865031971901,0.949664537672321,0.521955409846634,0.145064923643706,0.900540980608055
Yurts Buttercup,Georgias,0.476425215857546,0.342091439170606,0.686193525515819,0.528593380567594,0.144702679449764
Yusef Fenestrate,Lift,0.682792570892531,0.840191352120679,0.596183943443341,0.231949448640864,0.332024313509149
Yusef Puddles,Pies,0.996455868312935,0.607850835317989,0.230395701987321,0.371811682655662,0.455635660466979
Zack Sanders,Sunbeams,0.597051952175547,0.808580983800083,0.907955693483342,0.920664760673425,0.184760341061531
Zane Vapor,Tigers,0.173045311047995,0.736955399121166,0.254657154278837,0.965591359805557,0.900908388489351
Zeboriah Whiskey,Flowers,0.760604029505552,0.0816500037814274,0.429578352311677,0.117189143001277,0.81343145844211
Zeboriah Wilson,Flowers,0.282411891163511,0.981124544733629,0.257527196266238,0.715371570765666,0.858567627795643
Zeke Wallace,Moist Talkers,0.0737436647846681,0.456410855227129,0.801010259914838,0.521498721664163,0.133028492453622
Zelda Highway,Lift,0.672299278128191,0.181590373798583,0.371279889840868,0.0203116570266879,0.925669636009086
Zephyr McCloud,Steaks,0.438543767450979,0.324345421833481,0.371759711864172,0.445638575288098,0.915938350961393
Zesty Yaboi,Flowers,0.371572843246094,0.581457815504494,0.659648798167335,0.0760526474282766,0.272722481968116
Zion Aliciakeyes,Tigers,0.457529389527184,0.709672442621702,0.920975525282169,0.963506127775906,0.821368313933619
Zion Facepunch,Firefighters,0.751913833454432,0.240129613578806,0.68129051014039,0.582033086575727,0.214759117726269
Zi Sliders,Firefighters,0.00122269893685623,0.957393080255665,0.243281485045391,0.787827996960836,0.163119419555871
Ziwa Mueller,Moist Talkers,0.67546864303536,0.515154579530795,1.34801960343918,1.0912328575117,0.919966949637187
Zoey Kirchner,Mechanics,0.661875035340384,0.898157650188168,0.00441330347726065,0.616237499453912,0.872522504879126
