name,team,anticapitalism,chasiness,omniscience,tenaciousness,watchfulness
Abner Wood,Lovers,0.96771478831948,0.934515662373389,0.496603494978463,0.388108045181973,0.590810363772474
Adalberto Tosser,Crabs,0.420919048798869,0.733762660494768,0.366815891144205,1.18492524835623,0.729016831858905
Adkins Davis,Tacos,1,0.557817723209618,0.0502654671009699,0.0205579964213929,0.495025571036431
Adkins Gwiffin,Wild Wings,0.104648427706883,0.6964060785181,0.0552042159073292,0.534938706713328,0.193142380394243
Adkins Swagger,Breath Mints,0.856184144391405,0.178525285422898,0.203967167427347,0.715884700713715,0.593593873450024
Adkins Tosser,Magic,0.620850695461624,0.565969159115623,0.40463230763089,0.509805144415204,0.231119433302487
Adrian Melon,Pies,0.516713166763427,0.936550205775784,0.188839645045426,0.343661853706225,0.90590840590514
Agan Harrison,Firefighters,0.230756824993631,0.815121442469065,0.982847401971034,0.581411948812891,0.194047370745609
Alaynabella Hollywood,Garages,0.739379867770623,0.0522204134706706,0.85098247900868,0.573888455642463,0.816334007164076
Albert Stink,Millennials,0.0327216961544952,0.26626341124047,0.777607214806888,0.370968925845063,0.179606402344621
Aldo Comeback,Tacos,0.83280739463678,0.251737775992176,0.697890787721315,0.0004440814847535,0.0655166667129952
Aldon Cashmoney,Sunbeams,0.34733541287507,0.266896334827105,0.952004042676724,0.403558287961603,0.496364771976029
Alejandro Leaf,Millennials,1.12451202373223,0.214269776742142,0.795446235074685,0.435160836199203,0.448668391095356
Alexander Horne,Lovers,0.767470192470094,0.555661781665263,1.05362328914748,0.632902540370416,0.293931509886354
Alexandria Hess,Crabs,0.704433122381372,0.0579644860989181,0.272401739186692,0.0301073733751578,0.877147392612823
Alexandria Rosales,Spies,0.930814741317589,0.0540248251643505,0.23287157877768,0.208615309439687,0.0598569163003564
Allison Abbott,Steaks,0.811730176795062,0.259280594486109,0.331866544046161,0.289868602891425,0.435656242070846
Alston Cerveza,Moist Talkers,0.319000021429204,0.977518544399246,1.0413106605659,0.390524147430788,1.07755083922254
Alston England,Firefighters,0.784392533699795,0.94309180582792,0.0899555769087197,0.989283158452086,0.305539088529765
Alston Woods,Dale,0.335796283959162,0.35187523849844,0.68533493447379,0.304798457980596,0.496786787335184
Alx Keming,Shoe Thieves,0.742644337664208,0.72797859312435,0.153267958842503,0.554217296262244,0.0335309069061003
Alyssa Harrell,Fridays,1.22183270308185,1.07813324031529,1.23667398587084,1.0707540588337,0.224655278153267
Amaya Jackson,Lovers,0.370246455324832,0.40000763970719,0.662775433071724,0.311347315891862,0.445162605453429
Amos Melon,Moist Talkers,0.639235032607078,1.00321090803351,0.590459284485082,0.937794498852121,0.709141382362638
Andrew Solis,Millennials,0.194226136594014,0.234806695861542,0.516849827570747,0.63387408986086,0.110604032213099
Ankle Halifax,Georgias,0.593714475029335,0.236035487767464,0.917535096373766,0.924014373704552,0.522544683733704
Annie Williams,Lovers,0.252523365212893,0.0259302234523886,0.877401133231549,0.976333861287124,0.237737673189631
Antonio Mccall,Garages,0.498332808827533,0.459204509666331,0.873466369471565,0.485089866528345,0.584045554602135
Arches Candle,Mechanics,0.239088550493601,0.203934356072242,0.898973524521714,0.290052419804672,0.343504903627897
Artemesia Teixeira,Georgias,0.614356592704752,0.892169615769377,0.881637871144051,0.41262698949775,0.328984720710618
Arturo Huerta,Garages,0.523870153214704,0.729088062149388,0.340206868388158,0.440066791643906,0.325031443923763
Atlas Diaz,Magic,0.779521310481355,0.518738320961103,0.207357595028542,0.261958162972022,0.977621094327718
Atlas Guerra,Breath Mints,0.493306991537795,0.864860532826566,0.223278673179525,0.262533600070265,0.679012177665834
Atma Willowtree,Worms,0.191305692178679,0.647387051813064,0.0731167726490658,0.889409185840107,0.652099650338513
Augusta Chadwell,Worms,0.402949947948693,0.899177080956081,0.774225929811445,0.796941616366763,0.193149511401584
August Obrien,Pies,0.32792794611504,0.652260558340488,0.0546152201785148,0.483368182884602,0.837102845327786
Augusto Reddick,Moist Talkers,0.976345179317302,0.645263106638132,0.169559234107328,0.173707509121562,0.449847061878044
August Sky,Steaks,0.151371641679933,0.950973095438967,0.099402896104817,0.603732353554711,0.605537394419582
Aureliano Cerna,Spies,0.790888288571456,0.217815394222585,0.588859960514313,0.0692277319331611,0.0345051958328835
Aureliano Dollie,Dale,0.306335154793632,0.22848994627148,0.59644739847871,0.166469756458058,0.887882747398325
Aureliano Estes,Lovers,0.670894359248418,0.255462616418515,0.664675134724166,0.203366594474143,0.334795331383429
Aurora Blortles,Worms,0.867470537265248,0.490919782303817,0.753527473504792,0.658949481727609,0.247134249227658
Avi Jones,Worms,0.0381485880629895,0.22703366809112,0.132967890106178,0.776684824509124,0.258296448157544
Avila Baker,Sunbeams,0.367678728226842,0.471905054302939,0.216080329341231,0.265094797316078,0.646128036963695
Avila Guzman,Dale,0.905592492513313,0.699558308110395,0.900254980433475,0.280093095591915,0.788347563454274
Axel Campbell,Crabs,0.00778097305230707,0.998363834768057,0.27093958982563,0.680097967183584,0.15433475969738
Axel Cardenas,Wild Wings,0.397286137035618,0.923727379097985,0.056341195245013,0.638719052661494,0.431508267044326
Axel Trololol,Hall Stars,0.346960343000669,1.19602693139236,0.804744244112065,0.925106160608693,1.05833337358486
Ayanna Dumpington,Lift,0.757818032860902,0.0676298415013206,0.499963748832988,0.259150394680376,0.913785318043626
Baby Doyle,Jazz Hands,0.453205346522257,0.790456527080584,0.872496883407688,0.776626270467536,0.296909372106272
Baby Sliders,Sunbeams,0.0105373149894774,0.751854577203193,0.94061673753082,0.960633235687523,0.566353986907166
Baby Triumphant,Firefighters,1.05831332577377,0.57008686100199,0.497261490689122,0.240447229004605,0.486158473881439
Baldwin Breadwinner,Crabs,1.00690034584062,0.222931345964955,0.554281381648902,0.0603243466819263,0.858231321407357
Baldwin Jones,Steaks,0.921487035569529,0.456332957725271,0.967709842912757,0.736984243665485,0.827981892203235
Bambi Perez,Pies,0.141464749406091,0.108699740793456,0.722094716705553,0.797495610292353,0.734400365941928
Bartleby Zhivago,Worms,0.58612719653745,0.479868800445667,0.342687526888027,0.448409901265456,0.683359807124552
Basilio Fig,Tacos,0.495177741892959,0.155829682885372,0.755867596345828,0.314083109131542,0.617550758973182
Basilio Mason,Tacos,1.11281193721181,1.07693213599668,0.672973473806978,0.354931083634783,0.506687253558659
Bates Bentley,Fridays,0.01,0.656664039152406,0.642409002383935,0.461484806214552,0.01
Bates Silk,Magic,0.303114156140739,0.431123549512148,0.8516581997936,0.817330835237932,0.109061396383406
Bauer Zimmerman,Jazz Hands,0.955977713122585,0.135932499498112,0.788810886695415,0.108934139983149,0.646756108670607
Beans McBlase,Moist Talkers,0.803648367976826,1.19243667442081,1.32338737919366,1.2575517972453,0.620516553944311
Beasley Day,Pies,0.1985117290783,0.275182298645643,0.110340401218573,0.142109848191986,0.934442331935466
Beasley Gloom,Moist Talkers,0.242218939768542,0.107129645226565,0.695920632549737,0.247685841374156,0.03
Beau Huerta,Millennials,0.976012286416823,0.290962511171909,0.445323618904587,0.256884206223107,0.755056255745951
Becker Solis,Spies,0.744972817918132,0.22465886352269,0.95108149671662,0.917587358553549,0.644510949496437
Beck Whitney,Dale,0.645544210435677,0.719525093096924,0.755078415846986,1.07829664578454,1.22187034056215
Bees Taswell,Mechanics,0.916235152566545,0.118031878002567,0.268478549757256,0.742668122065625,0.825396438087738
Bennett Bowen,Steaks,0.195194326123349,0.574827705155589,0.683571499788885,0.45926897727004,0.92143120642626
Bennett Takahashi,Shoe Thieves,0.954638489705886,0.693978415433618,0.67727319315013,0.876844478017097,0.907130820392076
Best Cerna,Wild Wings,0.879224115378239,0.291037373925622,0.302117276747463,0.286206174553475,0.855040296790398
Betsy Trombone,Garages,0.291990771672124,1.10565890027371,0.842825415181792,0.306725401336887,0.970989111596785
Bevan Underbuck,Crabs,0.286616732831283,0.46060859747472,0.664723833493988,1.04050730936951,0.787441035034362
Bevan Wise,Magic,0.476643317355896,0.781709075108736,0.90532896608873,0.857272810843645,0.680554668912659
Blood Hamburger,Shoe Thieves,0.257230962275344,0.774318973600268,0.650997048067868,0.72763069237583,0.310604190091986
Bonk Jokes,Magic,0.102305047347805,0.263897289077318,0.502772393898516,0.354689051997313,0.690272380969945
Bontgomery Mullock,Lovers,0.597001159510172,0.780162627898344,0.742881503049927,0.43912497816389,0.76549038828831
Bottles Suljak,Mechanics,0.324059701657355,0.0533714349891212,0.554504362871534,0.781397637179382,0.330879219485619
Boyfriend Berger,Jazz Hands,0.00705168476067053,0.179705432436271,0.981219133330046,0.570962879698369,0.259066959511416
Boyfriend Monreal,Hall Stars,0.427308932567456,0.480373944753591,1.11705411979675,0.39469292153007,0.737827369249368
Brewer Vapor,Jazz Hands,0.889301128645172,0.887761754645013,0.630028690544226,0.217871028300353,0.357524490466126
Bright Zimmerman,Moist Talkers,0.526760061459391,0.376303399289412,0.591415388219765,0.540320490145738,0.488360631377116
Brock Forbes,Crabs,1.03828798460699,0.794767085927566,0.800633150389448,0.684843923397867,0.38363100659005
Brock Watson,Wild Wings,0.332114509902878,0.477523537214378,0.144182992457354,1.04526873367281,0.749270701410843
Burke Gonzales,Wild Wings,0.798728370091139,0.339319420608797,0.636092909094025,0.95362186184373,1.30569499241806
Caleb Alvarado,Firefighters,0.455658736143051,0.885737380799003,1.19975786541612,1.27608734092994,0.728183627936543
Caleb Morin,Fridays,0.826308182927246,0.708821852001124,0.18200245397185,0.996039375250365,0.08099747919617
Caleb Novak,Dale,0.507790567537286,0.649054803588466,0.641939730820466,0.207527305760719,0.469160753676197
Caligula Lotus,Hall Stars,0.294360807067904,0.951247346701047,0.623938913471616,0.509531129454616,0.636258333534055
Campos Arias,Jazz Hands,0.918716132727337,0.864795972760654,0.771309826743612,0.215099230656781,0.359618983427408
Cannonball Sports,Dale,0.439294039011418,0.662322199802669,0.787242127785979,0.747112631647451,0.0740604423938434
Cantus Hojo,Worms,0.892301282191808,0.662316748280977,0.932203971385324,1.01348475524124,0.453166465597793
Carmelo Plums,Tigers,0.506276597564621,0.0630120675055005,0.162963176517478,0.695676197227477,0.805928305834663
Carter Oconnor,Shoe Thieves,0.761841243846529,0.946957647652073,0.534486660441992,1.00106841175999,0.107542354542103
Carter Turnip,Moist Talkers,0.252323077646888,0.875159109299983,0.325940683235974,0.571561711295237,0.622166225879461
Case Lancaster,Pies,0.085624805517176,0.960254268142613,0.967358717362561,0.729116272773998,0.261638171958237
Castillo Logan,Pies,0.49162125377139,0.819860590416586,0.749614384280643,0.191754595910809,0.717648413628746
Castillo Turner,Flowers,0.621375370376439,0.736462635935906,0.758276025707304,1.04712117152629,0.64038187831146
Cedric Spliff,Moist Talkers,0.709099060898585,1.02504209087326,1.54095850451401,0.551730764919998,1.29462496422458
Cell Barajas,Wild Wings,0.925746940124677,0.219365102797915,0.437474195452305,0.625104222019106,0.360259919050717
Cell Longarms,Steaks,0.34754735545508,0.267078119219325,0.757340967423189,0.402876402820761,0.724190607505405
Chambers Kennedy,Flowers,0.548447269206198,0.970774078385051,0.423526974037348,0.929054163976427,0.280643197886594
Chambers Simmons,Flowers,0.70128757190403,0.524954891554106,0.168010305164727,0.193333245350503,0.627762673453419
Charlatan Seabright,Millennials,0.468314483434842,0.814356762782254,0.249968180454275,0.587475734245554,0.234926759274044
Chet Takahashi,Spies,0.349643803020161,0.593819096613451,0.27232375996987,0.790039438775141,0.368624904035533
Chorby Short,Magic,0.154413150126028,0.241361673512053,0.399893638567203,0.157128420173226,0.427011863893298
Chorby Spoon,Lovers,0.694075231620519,0.118754186141465,0.169254472067706,0.268967784929024,0.996439881902523
Chris Koch,Sunbeams,0.220774874044963,0.520849716058876,0.617790963388065,0.261681149117582,0.646969970908186
Chris Thibault,Dale,0.707498415816202,0.86192909526836,0.182466644016645,0.310663166507212,0.142253311982552
Christian Combs,Fridays,0.734772750040471,0.511741091882615,0.297973370996333,1.29330868453403,0.820741314659604
Cicero Homestyle,Wild Wings,0.689001997247882,0.570540616270594,0.44754923491526,0.669914797605943,0.693765450487144
Clare Mccall,Firefighters,0.130275573745845,0.419865220563787,0.193614183763765,0.424323977176625,0.959530908882145
Clementine Steeplechase,Georgias,0.831840077325264,0.0152865437412828,0.287031072200142,0.510244797877614,0.0220150716033569
Clove Mahle,Worms,0.525917631087128,0.0861558222321077,0.854490574500358,0.646826026569816,0.983407916925271
Collins Melon,Jazz Hands,0.710251062102523,0.380985509670621,0.747399509949476,0.584532194168953,0.940300498171073
Collins Mina,Moist Talkers,0.941946227891628,0.613637410259453,0.664124771064394,0.576104389452273,0.0884843342144243
Combs Estes,Jazz Hands,0.640198725682385,0.01,0.447479086804471,0.0839641204928969,0.174507510421842
Comfort Monreal,Sunbeams,0.150786735882531,0.69378007062076,0.511987300176711,0.424931124119776,0.609212571836891
Comfort Septemberish,Spies,0.166478434196981,0.454907153306885,0.541018934179892,0.167203593673979,0.583707058483942
Commissioner Vapor,Moist Talkers,0.349368417623805,0.985449450962756,0.395364733797631,0.528590053074954,0.323422341017355
Concrete Mandible,Lift,0.579698382531084,0.536895840400069,0.393620476697743,0.34424429496424,1.01150965172294
Conditional Yuniesky,Shoe Thieves,0.886985867307434,0.831388838443658,0.262507143106743,0.853693545371537,0.794363189673935
Conner Haley,Steaks,0.357988616819698,0.628400199474966,1.07263391831677,0.488741577821102,0.961372718502086
Conrad Bates,Breath Mints,0.959914999705153,0.119596889947325,0.923854438001114,0.284284269200789,0.814972837763766
Conrad Twelve,Firefighters,0.428792328979433,0.273154341638755,0.899495694800879,0.20799245380698,0.602126632524622
Conrad Vaughan,Jazz Hands,0.354436807077457,0.799756285161309,0.403015430635132,0.76477389036655,0.662183483728895
Coolname Galvanic,Lift,0.87135193032963,0.530453842927368,0.71803037548109,0.0955506982927852,0.00561305078980845
Cornelius Games,Shoe Thieves,0.97578111220877,0.420426864868837,0.759210567765807,0.95966952716507,0.440239049220248
Cory Novak,Fridays,0.414209073608235,0.514707586479104,0.599678669397337,0.79147079041972,0.960794327260466
Cory Ross,Steaks,1.26631753309095,1.24180958929967,1.26914602170391,1.3868131408396,1.46431922981761
Cory Twelve,Flowers,0.720996532629324,0.747816522298155,0.338898684068155,0.043307262058385,0.682452946580656
Cote Rodgers,Jazz Hands,0.936520476159089,0.847217543952627,0.315223944172567,0.178178717257016,0.91679651644615
Cravel Gesundheit,Mechanics,0.108520547416953,0.0181686478912306,0.0998531893874421,0.98405004116211,0.707738201736754
Cudi Di Batterino,Lift,0.396088578453944,0.388333109191782,0.619665214857953,0.597312054688749,0.206683822784233
Curry Aliciakeyes,Magic,1.25613212087967,1.17079128124538,0.762188524195693,1.22115252564679,1.1394461619776
Daiya Vine,Spies,0.827054085570515,0.762297879879391,0.587320711140532,0.312770121313459,0.0290298169221133
Dander Permadeath,Lift,0.159297519303551,0.201997595931559,0.877131531122664,0.892023862376327,0.739306059468099
Daniel Benedicte,Garages,0.958598726388712,0.736084155062532,0.44403659914037,0.137051398458795,0.154703433223636
Daniel Koch,Tigers,0.87765150513374,0.194150174233649,0.716565751010348,0.91487627855845,0.396271016549949
Daniel Mendoza,Breath Mints,0.131540840292923,0.413127446689038,0.379358190036938,0.885156230865449,0.581622397592702
Declan Suzanne,Firefighters,0.163205471582044,0.724947421816178,0.159239234035026,0.476132596405534,0.363541361898907
Denim Squall,Moist Talkers,0.0409649051878744,0.782476143079371,0.277210902552817,0.884502538755668,0.375401111558993
Denzel Scott,Spies,0.256607428910162,0.813369490792356,0.01,0.251235876328904,0.699315062896139
Dickerson Morse,Steaks,0.985141425366673,0.539060503412507,0.385439637055955,0.666534765749429,0.572726617413605
Doc Anice,Pies,0.36377863433007,0.52059531679568,0.663859026562831,0.828025833647537,0.821993429397924
Doc Cash,Tigers,0.181718373477253,0.968016157386255,0.265128318838474,0.815039543708623,0.803560062688635
Dominic Marijuana,Hall Stars,0.887299013000382,0.585209716224375,0.00101960379767041,0.893071984960955,0.620245752002242
Dominic Woman,Tigers,0.401920415259508,0.902527188288157,0.488960802511924,0.883362842832376,0.294207910239292
Don Elliott,Dale,0.01,0.01,0.364245561882904,0.423093965828269,0.624839706196498
Donia Bailey,Spies,0.157558420894392,0.895383166589035,0.27595843271047,0.334954889012699,0.662413564760373
Donia Dollie,Jazz Hands,0.454096437590398,0.867823113237102,0.842054168125033,0.208844836996524,0.262183026396275
Donia Johnson,Shoe Thieves,0.455262993480747,0.0818261147637267,0.322757998868801,0.48366792489745,0.609660018304159
Don Mitchell,Lovers,1.35938418793397,0.890962661177496,0.651573877535678,0.407879499088756,0.584471252783078
Dudley Mueller,Sunbeams,0.647050463870954,1.22213041629958,0.559911898573924,0.947546649080697,1.45363555880618
Dulce Schofield,Worms,0.766034911187973,0.0291362559950685,0.109400432998046,0.202025495659607,0.383785283908854
Dunlap Figueroa,Tigers,0.937458364757347,0.14585562458753,0.438222235329416,0.193064651028474,0.384499208618427
Dunn Keyes,Flowers,0.939771100770002,0.931969502320316,0.527944324445261,0.429588588603754,0.639129246407667
Durham Spaceman,Garages,0.563342672416562,0.531967389992469,1.00906084961372,1.1090303118779,0.540695025685624
Eddie Nakamoto,Mechanics,0.890071990125795,0.830059525945471,0.250291208654696,0.16793086805857,0.802500802845471
Edric Tosser,Jazz Hands,0.95681047383086,0.997539951807315,0.81238644538937,0.87335187751374,0.630339222851833
Eduardo Perez,Spies,0.47247416068485,0.936751254239735,0.458342448255956,0.474054107802087,0.529352849141783
Eduardo Woodman,Pies,1.01431065015953,1.02088461333597,0.439613501267962,0.42431023491794,0.914677021003896
Eizabeth Elliott,Magic,0.712760278433362,0.896970888501514,0.0816448930261453,0.847303664008382,1.07086636893888
Eizabeth Guerra,Breath Mints,0.01,0.235735823583603,0.420585288959697,0.407856217717541,0.509659873672572
Elijah Bookbaby,Flowers,0.707413664141191,0.998259097350141,0.861909418732422,0.326509864980741,0.0412966635232299
Elijah Glover,Crabs,0.734586513278091,0.829102445829315,0.496101998219756,0.94484123581746,0.00248534151467994
Elijah V-l-nzue-a,Jazz Hands,0.88286166940349,0.0723607629528488,0.48931665936124,0.555015830273439,0.450815852632894
Elip Dean,Tigers,0.237783948627554,0.402264767913291,0.599122570105444,0.253287425285528,0.16172909029426
Elvis Figueroa,Pies,0.410705357960516,0.656062496118986,0.84225387870977,0.865044552766096,0.383502415133881
Elwin Blaskets,Sunbeams,0.597387916358436,0.823228592425249,0.14237870026767,0.170282534464062,0.744598352104194
Elwin McGhee,Lift,0.770102420905843,0.745309803088315,0.264411076086651,0.716840933977099,0.663298057825274
Emblem Warhorse,Garages,0.760781828238145,0.201179855951306,0.798914493590894,0.275892586342384,0.0144670650207996
Emilia Street,Garages,0.443314298783814,0.734788786292031,0.62028229304942,0.456066722253537,0.852256797326721
Emmett Internet,Hall Stars,0.400966339251877,0.46639540442788,0.048924417016412,0.246434711894193,0.161177766893133
Emmett Tabby,Spies,0.892340732673368,0.745567598107856,0.401203047141139,0.454769243676855,0.0460174200583958
Engine Eberhardt,Lift,0.544664609241772,0.0413646486837638,0.994296089485055,0.241399919412568,0.325664825782882
England Voorhees,Magic,0.624495587198785,0.483639679300004,0.204256530015978,0.48730504637561,0.644991398989998
Enid Marlow,Worms,0.176297511350426,0.798066840227369,0.2183571686178,0.632378225649477,0.945202083113647
Ephraim Ladd,Worms,0.0725795193894718,0.554732033369089,0.884082580100147,0.119657774996497,0.709082821066
Erickson Fischer,Millennials,0.735630985020172,0.640848370550349,0.0946633612424308,0.593246222227185,0.862402477831046
Erickson Sato,Wild Wings,0.618845701827301,0.316641124262227,0.172012210690299,0.0815920996983195,0.545912945255916
Erin Beanbag,Millennials,0.130160656596114,0.511139282337553,0.218874678694793,0.163432115096572,0.69195409165226
Erin Jesaulenko,Georgias,0.4541396502419,0.141532165009796,0.0713885637807201,0.495860133228864,0.541003811539172
Eris Street,Tigers,0.682196149457105,0.173164261505431,0.478138376981435,0.14019870026626,0.62085280169288
Esme Ramsey,Shoe Thieves,0.218193025235576,0.453307110557767,0.765471219563088,0.352307296350096,0.694427038050974
Eugenia Bickle,Sunbeams,0.918581482996276,0.658021060716259,0.577933164607394,1.0243010553976,0.700401846061092
Eugenia Garbage,Moist Talkers,0.251383095099306,0.611239911693501,0.0664662190908614,1.02426020552341,0.067682990283097
Evelton McBlase,Fridays,0.594889089997364,1.57880676375356,0.946771555100291,1.02779223778606,0.587060028873577
Evelton McBlase II,Crabs,0.311619742884077,1.28323188635252,0.696785037211498,0.76491954597891,0.334854266709369
Famous Meng,Wild Wings,0.207709994210103,0.755391062159681,0.901715354376983,0.971250329206405,0.4593546893107
Famous Owens,Tigers,0.497564764206557,0.241244261619328,0.748630071830589,0.453950918216305,0.787632227966648
Farrell Seagull,Worms,0.120663943345238,0.446672632474856,0.283870582260998,0.165600642885961,0.0504422627279435
Felix Garbage,Millennials,0.598317809070952,1.14620118991786,0.269825478124915,0.198402984090293,0.525264544416431
Fenry Marlow,Fridays,0.0106736774798901,0.621526968768685,0.77553664616021,0.808576914218285,0.529775686518528
Fenry Wobin,Tigers,0.828024732876456,0.993450651129921,0.443759973763242,0.061679574069091,0.225809965106086
Finn James,Crabs,0.66141166733191,0.454324574639537,0.227930562579267,0.913970092623479,0.466734008531208
Fish Summer,Moist Talkers,0.738252331397177,0.261797432739612,0.154925162647426,0.421450801353946,0.21599660539498
Fitzgerald Blackburn,Spies,0.923349663109569,1.0030150934891,0.581502346301309,1.20184198373839,0.792124909913485
Fitzgerald Wanderlust,Shoe Thieves,1,0.824388695561902,0.379059795929996,0.141894097723043,0.216792994249145
Flattery McKinley,Georgias,0.493598310780696,0.0894028713116974,0.0935342823779048,0.0617405501319861,0.798932412976227
Fletcher Peck,Millennials,0.772705530067727,0.949004554344211,0.078942562685133,0.0397852837991304,0.0213238128630955
Fletcher Yamamoto,Lovers,0.491229576701226,0.290511681547161,0.088402248698061,0.153064348294834,0.132449154795769
Forrest Best,Crabs,1.00200450913196,0.422010583514851,0.391969268153767,1.10194733714707,0.972605902091093
Foxy Pebble,Mechanics,0.111016678712821,0.430775985741191,0.793637148532772,0.910694748068544,0.57605036415157
Fran Beans,Wild Wings,0.135876265461576,0.228475444895887,0.541262359039145,0.161594422227411,0.74832492212237
Francisca Burton,Sunbeams,0.350176019119122,0.189889663561898,0.505332896417639,0.597816272106984,0.602870644075129
Francisca Sasquatch,Dale,0.971914185428433,0.591094730956828,0.197764034981159,0.482669096427065,0.614315873726402
Francisco Object,Flowers,0.0996785685608015,0.455929061447682,0.494304507377242,0.15879568770095,0.25452018855958
Francisco Preston,Magic,0.991714140789977,0.377205924599169,0.258621182283614,0.680119199414505,0.676331420482561
Frankie Hambone,Georgias,0.869591504673853,0.497228569931507,0.652653317871539,0.690665685448203,0.183237340860739
Frazier Tosser,Lovers,0.731276513553867,0.395057239796092,0.0807862020736883,0.204524110702244,0.548505863464296
Freemium Fairwood,Garages,0.717896869865533,0.832958695309124,0.939851513204475,0.251509652120962,0.606781383828392
Freemium Seraph,Lift,0.814208681803639,0.369826110712412,0.862125389760588,0.0617127646490701,0.401582070857876
Fynn Doyle,Millennials,0.688177428544859,1.11328116675378,0.851425779611604,0.234206240398012,0.670745848620162
Gabriel Griffith,Fridays,1.23557574798784,1.16190766926943,1.38635402484748,0.523148502577617,0.555952051068055
Gallup Crueller,Steaks,0.367926711214541,0.937520262890018,0.248317474564435,0.382880611811223,0.81168670317732
Gallup Murphy,Shoe Thieves,0.396424941074506,0.374809929089874,0.806883293332929,0.62783958507171,0.669371458436484
Garcia Soto,Millennials,0.178293871718921,0.742428128254191,0.450359029253026,0.317326698810018,0.103863623401079
Garcia Tabby,Fridays,0.289684987742633,0.831831983580496,0.73144933723845,0.45438511927971,0.772441937862939
Geraldine Frost,Georgias,0.691890739105822,0.557356765144761,0.699182061718324,0.833988681572739,0.331809544725927
Gerund Pantheocide,Lift,1.07841551984865,0.630755602665846,0.460697040677658,0.574703051516294,1.10483719491477
Gia Holbrook,Mechanics,0.0466032402178591,0.558482356067632,0.82779782432544,0.320028061045904,0.0402306952948592
Gita Biscuits,Georgias,0.725635289107902,0.475532793980048,0.217150421055285,0.716082750186048,0.950553259605212
Gita Sparrow,Firefighters,0.453619964333279,0.125669082783911,0.495454648158409,0.514437491881982,0.970176818420085
Glabe Moon,Flowers,1.48439899628386,0.987823834960954,1.33857386697961,1.60870842892114,1.07918241114729
Gloria Bentley,Dale,0.704987822648565,0.413022156098742,0.191657892231873,0.88643502092975,0.17081248400642
Gloria Bugsnax,Flowers,0.613585264440268,0.79966983774138,0.219806896002025,1.00736139750331,0.310307755198574
Goobie Ballson,Firefighters,0.356643895692032,0.01,0.01,0.263507954290131,0.276158593494667
Goodwin Morin,Garages,1.09367737007346,1.33437204918097,1.38770010872098,1.14842448220367,1.18389721538006
Greer Gwiffin,Fridays,0.0757866548227878,0.648377661315647,0.882072440427193,0.744555770469012,0.72961896107053
Greer Lott,Moist Talkers,0.494689800712953,1.16165794843026,0.413474087495265,1.06063060878105,1.10266389288781
Grey Alvarado,Breath Mints,0.414799468051643,0.465276030444731,0.484701941114576,0.527547007278663,0.242846060951939
Grit Freeman,Spies,0.710134693121804,0.635464413013433,0.590295364268656,0.906793737819443,0.799615585968457
Grit Ramos,Wild Wings,0.578104439802986,0.0972885843290385,0.722677392370302,0.329292180813155,0.253463468368077
Grit Watson,Firefighters,0.0546236132205895,0.0419928272447829,0.298608118335217,0.262585794196088,0.355172688573184
Grollis Zephyr,Lift,0.356922587061401,0.276874040324781,0.489159747614754,0.0988949606929493,0.452233254326894
Gunther O'Brian,Shoe Thieves,0.239966959842003,0.625322518220185,0.776385950845623,0.345163045388563,1.07480600068905
Hahn Fox,Sunbeams,0.0311285395244387,0.51888105878212,0.417383903408902,0.203975891213934,0.869235841895909
Halexandrey Walton,Tacos,1.05171958920769,1.1314616182581,0.837968460384727,0.876798380482413,0.219161804434028
Harriet Gildehaus,Sunbeams,0.715774032680761,0.671092411205259,0.214805929697483,0.274546936212521,0.217471394268138
Haruta Byrd,Pies,0.0100784026420107,0.126473133625366,0.333076928925849,0.433116352740082,0.658867617343652
Hatfield Suzuki,Millennials,0.730724546239453,0.718965238188598,0.996563531296541,0.946510155307145,0.560109079910016
Helga Burton,Lovers,0.173581900930128,0.668108540180974,0.0795976783890831,0.584368030804289,0.325435045413901
Helga Moreno,Lovers,0.745249525044338,1.21713931088232,0.485099184037374,0.751814044577391,1.24613222743608
Helga Washington,Breath Mints,1.02467114209319,1.0494236963307,0.471417022459671,0.628533079698699,0.178424728605486
Hendricks Lenny,Breath Mints,0.512573317275551,0.439844180778763,0.45408642569545,0.183680556884877,0.276353680657843
Hendricks Richardson,Sunbeams,0.438976753723757,0.307321882871684,0.03,0.297136449520788,0.6811420259878
Henry Marshallow,Pies,0.173450766904193,0.905946919712997,0.63230495737621,1.05618215893995,0.499844534020619
Hercules Alighieri,Georgias,0.794086277919805,0.0711803540761786,0.979105150737418,0.518434753748519,0.809053622652961
Hernando Winter,Jazz Hands,0.62074532104828,0.611206760046892,0.258598833249959,0.360368195984433,0.906959052366628
Herring Winfield,Shoe Thieves,0.268038110220555,0.991216064650228,0.916782316589006,0.367262914391197,0.0921686851243726
Hewitt Best,Breath Mints,1.1124795768097,0.12239425357813,0.855486553342894,0.970638049394548,0.859728714483516
Hierophantic Foible,Breath Mints,1.01358103819234,0.337167085994509,0.589892584067067,0.829837365898098,0.979370824089641
Hiroto Cerna,Flowers,0.609252593195089,0.669180551112617,0.237455313150101,0.384931824346285,0.750845386319917
Hiroto Wilcox,Tigers,0.511922758706078,0.478911053487072,0.434221692561211,0.234134150575378,0.881366456611439
Holden Stanton,Jazz Hands,0.631430729043998,0.48622588144387,0.749451132710429,0.816928967883215,0.508666446602736
Howell Franklin,Shoe Thieves,0.410134971283738,0.0651309932314437,0.258763154499487,0.287470945474632,0.0599539137134616
Howell Rocha,Jazz Hands,0.533064267573809,0.698888125824704,0.487909322974164,0.105069246373348,0.747585517069651
Huber Frumple,Pies,1.08265053690212,0.605579816716939,0.483636479248001,0.361316540599379,0.456614664651733
Igneus Delacruz,Sunbeams,0.40293916937142,0.582885341996419,0.11,0.11,0.523468301623181
Igneus Mcdaniel,Wild Wings,0.123031623695876,0.902700834388614,0.661176972233627,0.530875773396364,0.533365088600642
Inez Owens,Flowers,0.521203356655384,0.679300282190264,0.181932349705849,0.419380720331119,0.942829538607616
Inky Rutledge,Magic,0.620395324764334,0.635055927383853,0.32431281514025,0.324913547002138,0.834329236284979
Isaac Johnson,Firefighters,1.63688681332927,1.87323874305711,1.28981089394257,1.56201240420114,1.29489397634988
Itsuki Weeks,Steaks,0.390234330600397,0.0783346441202724,0.920485898505204,0.34579597336338,0.909094495511114
Itsuki Winner,Fridays,0.226581909325442,0.402583124749222,0.488869479193551,0.0741615518870937,0.697382697079994
Izuki Clark,Steaks,0.261570956546677,0.212736949913248,0.518837496795864,0.878171965882712,0.584965580079539
Jacob Haynes,Flowers,0.01,0.668077274842652,0.01,0.681258122065461,0.01
Jacob Winner,Fridays,0.610584102045122,0.423009656310609,0.322433272370066,0.484252170771907,0.480636417191411
Jacoby Podcast,Crabs,0.556738055477532,0.292305554323752,0.710490606773889,0.890845059807401,0.957121632758643
Jake Swinger,Millennials,0.188494407455245,0.630659376238768,0.356004057711416,0.348190958350951,0.847130162113179
James Boy,Breath Mints,0.348976933092543,0.363040345701524,0.578473016830443,0.835191677871985,0.953563561473605
James Mora,Magic,0.778950288808244,0.89017058135839,0.995318167770597,0.742848024031082,1.39385301585478
Jana Beats,Lift,0.556990848612002,0.794417197182875,0.549703606308163,0.361446087259897,0.193048820519998
Jan Canberra,Georgias,0.291257735206215,0.0296403875891127,0.800124128453742,0.40443231574225,0.854279809599222
Jasmine Washington,Dale,1.03181023889654,0.829478833046258,0.677691247685386,0.214158565579145,0.193488359108078
Jasper Blather,Mechanics,0.985956390823708,0.31545166197975,0.000404779127173516,0.687438626562853,0.97441379286832
Jasper Destiny,Flowers,0.504186598705737,0.839541683744215,0.626970749582226,0.496232856734273,0.259181572971872
Jasper Ji-Eun,Mechanics,0.203939615835756,0.209788758388922,0.209218482977233,0.889521714079941,0.662799656197774
Javier Howe,Crabs,0.455472875800417,0.176075686602506,0.953130223354125,0.672771100867981,0.688491571916944
Javier Lotus,Pies,0.300642731577306,0.944034831162924,0.791386817998166,0.84105460015026,0.61832195688725
Jaxon Buckley,Pies,0.670503754999248,0.19187378416296,0.399406091707229,0.179266020390391,0.207701629103655
Jayden Wright,Sunbeams,0.348591857693546,0.517956435663202,0.44944584856923,0.536485934845896,0.634085338582407
Jaylen Hotdogfingers,Mechanics,0.763770307386167,0.644957932600144,0.225864533729655,0.332079958034013,0.138517893684692
Jëff DeShields,Georgias,0.25449232444178,0.751078143776714,0.248499506735173,0.723146293758923,0.629909772418978
Jefferson Delacruz,Pies,0.784418991369647,0.808187577955455,0.976396525971403,0.421596376957615,0.804807586652186
Jenkins Good,Moist Talkers,0.353196924026069,0.0551879802643376,0.883147780293642,0.819598652480495,0.00544657680465122
Jenkins Ingram,Flowers,0.710188087858774,0.862366585907756,0.718798592545951,0.596615606051411,0.331467921096016
Jessica Telephone,Wild Wings,0.671558541424871,0.582176010552417,0.610428977901964,0.345718060430387,0.556906512059986
Jesús Koch,Moist Talkers,0.691046238490621,0.412091693188365,0.587632564427655,0.370717456731862,0.970503088898861
Jesús Rodriguez,Pies,0.934388995752796,0.00575460138777695,0.267421082356341,0.0951043301325387,0.961619933139246
Jode Crutch,Dale,0.787376117285719,0.427800924954944,0.200996698663429,0.7178748306064,0.90194062997755
Jode Preston,Pies,0.177367827766035,0.128839724235587,0.253760637345297,0.61133884447529,0.153817630884071
Joe Voorhees,Sunbeams,0.731758198053109,0.322413867810437,0.527675918023932,0.694865882097868,0.10333794047095
Johndan McGhee,Lovers,0.909060662124275,0.364888916851938,0.848043348291571,0.757268698909351,0.639037100283316
Jolene Willowtree,Mechanics,0.767593242033707,0.786073504017931,0.329406270841971,0.479130025796767,0.444298788567239
Jordan Boone,Breath Mints,0.977404989519371,0.711184730239016,0.898054068393058,0.0927446605999729,0.973841725455466
Jordan Hildebert,Spies,0.737842302614233,0.305855826745099,0.660021044538403,0.526676118253519,0.60686467199026
Jorge Owens,Shoe Thieves,0.30990596353339,0.112061698067349,0.274652788368321,0.124020707446118,0.249179167725304
José Mitchell,Steaks,0.626386066382902,0.945652759051287,0.452783618653961,0.579308842577366,0.120901700733491
Joshua Watson,Breath Mints,0.768636172658583,0.810258584998933,0.934326710517972,1.07642005019757,1.02669345314166
Joyner Rugrat,Crabs,0.203130307552952,0.92292445813881,0.765776211525585,0.0921630235280715,0.650236661508808
Juan Murphy,Magic,0.43200221638359,0.75567641403865,0.532766329466959,0.291755354911271,0.185509459073495
Juice Collins,Fridays,0.420263446050108,0.911811758379513,0.347927812253553,1.03900196254357,0.288354152037857
Justice Spoon,Firefighters,0.391259916569502,0.586977852760627,0.078578019166361,0.54145658560106,0.411213786413114
Justice Valenzuela,Breath Mints,0.233843693420747,1.00580224981866,1.02227273290843,0.657851083360623,0.290921729940773
Justin Alstott,Tacos,1,0.511858663210916,0.889822268801042,0.00196483839822492,0.923640973502965
Kaj Murphy,Mechanics,0.941617505073189,0.69321392519314,0.195628866060485,0.450401859256852,0.627205596206476
Karato Bean,Spies,0.744161595673909,1.06975279780751,0.969122971087561,0.986567878084315,1.05229821825385
Karato Rangel,Lovers,0.432145007314126,0.273278916711842,0.171423506127908,0.882005298811679,0.623774806748101
Kathy Mathews,Jazz Hands,0.283971910070047,0.789970705240357,0.426533445327209,0.354505572359632,0.16622278616297
Kaz Fiasco,Worms,0.918439271793497,0.195649860409375,0.721428751827671,0.236219376591367,0.481810011515214
Kelvin Andante,Mechanics,0.717422388493237,0.520211246385434,0.786420953123995,0.577350637810959,0.0453243632908853
Kelvin Drumsolo,Mechanics,0.108365410462717,0.195761459171303,0.0555910029722737,0.893031210809322,0.0541103964148943
Kennedy Cena,Dale,0.01,0.0234417427144203,0.01,0.627825917590425,0.01
Kennedy Loser,Crabs,0.566330723999163,0.424886949035513,0.80048880793082,1.07248858773077,0.437251171609295
Kennedy Meh,Wild Wings,0.506330550812269,0.877572733947032,0.950373717896678,0.792577844384085,0.785685174427993
Kennedy Rodgers,Firefighters,0.83593297044813,0.811033957805568,0.03,0.746579793738349,0.0386931557955894
Kevin Dudley,Tacos,0.961093732591528,0.887247242994691,0.208672186096509,0.677788915108715,0.567317107374204
Kichiro Guerra,Lovers,0.850960116146366,0.542277218807531,0.547897139366653,0.732325549862418,0.680333654399755
Kiki Familia,Hall Stars,0.359529861319587,0.171745365107613,0.960069035726624,0.698746111531857,0.987515298613269
Kiki Junior Jr,Flowers,0.428266645703492,0.0892544915852123,0.173025175939491,0.895637374824844,0.54021302018395
Kina Larsen,Breath Mints,0.390218550464609,0.313296065026996,0.621312928390102,0.894780590409576,0.746812490258538
King Roland,Lovers,0.0349138178265351,0.64016297143401,0.606527474200669,0.804860776609268,0.570865843172786
King Weatherman,Magic,1.02295548156825,0.613759104803889,0.993516094716273,0.654650941798605,0.662920316153594
Kirkland Sobremesa,Magic,0.103260821427998,0.729869653672461,0.47662264154657,0.841930726236633,0.581115535481324
Kit Adamses,Steaks,0.398641729449624,0.106339140929046,0.914498637311061,0.0967938679762652,1.02324215482635
Kit Honey,Lift,0.117666158497004,0.512049026670091,0.768416718508653,0.296409924983194,0.0730809708517808
Kit Ratoon,Worms,0.645180416116942,0.587571622507864,0.129515760963219,0.049453171582351,0.187936081353695
Kline Greenlemon,Steaks,0.691941327352506,0.208143128139322,0.206303557129883,0.259864110779663,0.390391969133166
Kline Nightmare,Wild Wings,0.673266137560228,0.170560898652171,0.762676416728753,0.102903564404999,0.0122892681032358
Knight Triumphant,Spies,1.07882232815516,0.991705199340712,1.17715450599611,0.885277451238812,0.532570696601105
Kofi Gildehaus,Mechanics,0.771068505292533,0.467927052786741,0.318353534306497,0.527348327536242,0.175753114049471
Kurt Crueller,Magic,0.972425743818122,0.326005551719362,0.148681644310602,0.79568649173825,0.425732315224435
Kurt Ultrabass,Georgias,0.919524241786159,0.633539122693221,0.363432589155596,0.567769955181699,0.074463590631876
Lachlan Shelton,Moist Talkers,0.884863641517094,0.528192834742882,0.216307420919261,0.755401196230043,0.739441384543726
Lady Matsuyama,Mechanics,0.582837683096165,0.529492692426685,0.560294632586356,0.987656036612856,0.687512965743045
Lance Serotonin,Lift,0.67132142802036,0.832297049678517,0.640306007416692,0.144627412313088,0.58947468117507
Landry Violence,Hall Stars,0.515535887976311,0.184732057219709,0.838217799589372,0.523628132877586,0.48664524222465
Lang Richardson,Pies,0.325890986255689,0.315773024125312,0.977476380552688,0.86754751590297,0.33163569663195
Lars Taylor,Sunbeams,1.0025898463043,0.2225974821412,0.735169395017584,0.954504705342328,0.657996541287334
Lawrence Horne,Wild Wings,0.0378497436033926,0.379476093894413,0.01,0.01,0.01
Leach Herman,Steaks,0.50238324522088,0.389300212008773,0.56805146566022,0.824712310151247,0.427361270075747
Leach Ingram,Breath Mints,0.586676628777598,0.430614144138654,1.01080321893627,0.437384593454476,0.769533694084726
Lee Mist,Dale,0.60383612727924,0.38896668769008,0.712683638310668,0.889075279152294,0.907837598351997
Lenix Ren,Tigers,0.706166615701118,0.12809038481745,0.546576419858252,0.804404421718036,0.573505739129321
Lenny Crumb,Worms,0.236395697455945,1.04183863712422,0.199902915603223,0.093409743457828,0.381839856487118
Lenny Marijuana,Garages,0.237371907933495,0.810419560709045,0.899352015746108,0.184018775167721,0.94177165265071
Lenny Spruce,Breath Mints,0.661489441993225,0.890074769587478,0.782554261367503,0.63184394838215,1.01929515195898
Leticia Lozano,Fridays,0.286354447616656,1.01112152496301,0.795894883407436,0.893232988318803,0.424618450621714
Leticia Snyder,Garages,0.345254882042632,0.656777524573658,0.766183516447247,0.2805774773138,0.758378417147709
Liam Petty,Sunbeams,0.176883191152268,0.629597801501478,0.578738112763766,0.274366865200065,0.671625909386446
Liam Snail,Dale,0.877028063491179,0.457334776901963,0.107819584776955,0.996884860696498,0.744509023704481
Linus Haley,Tacos,1,0.570901872670488,0.691251725568778,0.352783068273528,0.364538636015255
Liquid Friend,Lovers,0.962075398379907,1.00592491148769,0.368150085270292,0.627525246698949,0.908198100554229
Lizzy Pasta,Fridays,0.413516983715362,0.819555960406878,0.0418885834492282,0.620679699577038,0.091954531075257
Logan Horseman,Dale,0.858307496333579,0.52825737227041,0.518500771767565,0.352283301081249,1.23561091806373
Logan Rodriguez,Magic,0.960483236667164,0.345234519662694,0.936534116591146,1.09632198848889,0.9746253425654
London Simmons,Moist Talkers,0.298756712802667,0.335452019650518,0.798127752265086,0.753760723320463,0.325129086068858
Lori Boston,Garages,0.932070524416533,0.454800743989714,0.51810746091387,0.114424053468729,0.695819755916371
Lotus Clutch,Sunbeams,0.38910280097223,0.819668633200817,0.0450042730672635,0.869730557824032,0.409579400989645
Lotus Mango,Lift,0.906440249094931,0.725214339708622,0.68624550079008,0.135481273675002,0.446362997757944
Lou Roseheart,Firefighters,0.731226285146957,1.0280867952952,0.277673740429508,0.507446741716577,0.381529922690773
Lowe Forbes,Jazz Hands,0.461924051799512,0.528952799912259,0.365842014844908,0.927197146076739,0.645126509785553
Lucas Petty,Breath Mints,0.477858050420887,0.4899668910726,0.973816473997426,0.135775600248211,0.992247146694222
Lucy Tokkan,Pies,0.480329550501488,0.274402795295909,0.753586946848005,0.448122656231209,0.277659888044288
Luis Acevedo,Crabs,0.757913002968727,0.549966176230497,1.14418674082207,1.08788839502058,0.692744459779413
Magi Uppercutski,Georgias,0.126303404814205,0.819753332114554,0.425278264586682,0.461856640351187,0.337695276626691
Mags Banananana,Firefighters,0.59851809252686,0.377265443270521,0.587541991461678,0.134016453905895,0.0773511714848161
Malik Destiny,Garages,0.01,0.119415475990758,0.763404207431003,0.142194932873244,0.244187942836816
Malik Romayne,Spies,0.184398874068185,0.710979965275824,0.286011375193961,0.504762556549121,0.250098582666603
Marco Escobar,Spies,0.810058439011628,0.323340716869028,0.46009840468351,0.622139270058826,0.87487761364256
Marco Stink,Breath Mints,0.826600968028154,0.90299419176671,0.47629558665945,1.11711814437263,1.01066062640856
Marco Winner,Jazz Hands,0.342352415150404,0.0535537682508396,0.976545909666336,0.661343004552863,0.795075846474109
Margarito Bishop,Jazz Hands,0.555856534024721,0.170162370114168,0.0968935571010916,0.81908307659477,0.806888941648673
Margarito Nava,Flowers,0.720582075709134,0.136962160385136,0.928277839244132,0.0787132914044445,0.518218439512232
Marquez Clark,Breath Mints,1.01992433041998,0.648616620458994,0.492336187788436,1.08898123647753,1.1038821519133
Matheo Tanaka,Crabs,0.514905322727442,0.431341754206708,0.697502031358034,0.396066320261202,0.0562622368101722
Math Velazquez,Spies,0.464614040012819,0.222013770988125,0.3161821317411,0.181803411698765,0.229161880705068
Matteo Cash,Wild Wings,0.0855614365232817,0.157808452346491,0.753918437596667,0.310018611971943,0.0134175481266496
Matteo Triumphant,Tigers,0.213630011413865,0.43535061390366,0.80868707845811,0.655425066436008,0.989289114975316
Mayra Buckley,Fridays,0.505620730017435,0.16906923273648,0.551784330236418,0.752580284379094,0.144832738525707
McBaseball Clembons,Tacos,1,0.846657588760288,0.675695622603627,0.789522490587092,0.0349845206670498
Mcdowell Karim,Garages,0.577384248448477,0.475884323009085,0.356341720619902,0.32794851426081,0.875437129670847
Mcdowell Mason,Tacos,1.06220704411542,0.814943294247216,0.772951856259966,0.853136839993156,0.493823617099282
Mcfarland Vargas,Pies,0.741914802161207,0.904134488436012,0.0544012277672838,0.356182158639695,0.590228528648146
Mckinney Vaughan,Fridays,0.10796086218956,0.377155570896486,0.637858312052354,0.763106972101133,0.73662982241968
Melton Campbell,Fridays,0.162431816828057,0.206328204453748,0.243903276791667,0.637446549064632,0.168583487935897
Melton Telephone,Magic,0.249890774222263,0.817789620887692,0.836596602401356,0.126590093315508,0.659115756504548
Miah Jesaulenko,Georgias,0.556656844066807,0.97177765305828,0.409083337677262,0.240345852058266,0.738897074054993
Michelle Sportsman,Tacos,0.35316620597489,0.823614992871747,0.711283737633864,0.230689342403436,0.850611196507397
Miguel James,Sunbeams,0.842220916491977,0.246359579826233,0.778488237341098,0.0394344038692529,0.159426099785634
Miguel Peterson,Crabs,0.0408620201101197,0.601206222000625,0.465639744858408,0.7000769890574,0.755116822785797
Mike Townsend,Garages,0.732094307977267,0.857957985791091,0.101974054585857,0.787712211895385,0.351098125037436
Milo Brown,Lovers,0.605893550172758,0.431463092369821,0.784164002944749,0.665228227475489,0.8491186542824
Minato Ito,Steaks,0.728503132449217,0.663632382729012,0.762302719975502,0.467310213551941,0.975301659278371
Mindy Kugel,Garages,0.0981992646102682,0.572867971560511,0.17079576021019,0.345885531318115,1.03219545843742
Mint Shupe,Georgias,0.6185383698953,0.782218026203758,0.0361364517265689,0.307412885534009,0.631818033658976
Mira Lemma,Mechanics,0.0516336682487888,0.438370568491067,0.826800077932648,0.194830611088098,0.650754888104857
Mohammed Picklestein,Spies,0.557447643148445,0.902912258991515,0.989173111923613,0.854022740958583,0.587203704653132
Montgomery Bullock,Fridays,0.530887809620361,0.714502262936727,0.691559263201211,0.386507343240839,0.702529818238513
Moody Rodriguez,Tacos,1,0.717624222393369,0.669118297201543,0.161535563158185,0.28522024074712
Mooney Doctor,Moist Talkers,0.20153493865703,0.660077936908876,0.0700507797323995,0.243473208185686,0.580194441247067
Mooney Doctor II,Breath Mints,0.494742071285629,0.921072775501925,0.341610881216433,0.486757466481634,0.816342731668309
Mordecai Kingbird,Georgias,0.713461585616273,0.588572020958422,0.535107536241601,0.939811429851558,0.838444671971549
Morrow Doyle,Hall Stars,0.215176985063446,0.445452960542236,0.440167704248932,0.337512388503844,0.00652017043239272
Morrow Wilson,Lovers,0.725766342313032,0.718280578023889,0.647102288513119,0.608534296194702,0.01
Moses Mason,Flowers,0.671202833070263,0.01,0.585289348657421,0.155520605929039,0.0538017953975313
Mullen Peterson,Wild Wings,0.748139915273512,1.05265399046304,1.31008498276922,1.16720099404692,1.19165373497121
Mummy Cantburn,Pies,0.625545055339573,0.855623960046527,0.591982154797841,0.396223592331147,0.516127760875457
Mummy Melcon,Tigers,0.109253483487064,0.205377417222005,0.165135079244543,0.585116707167304,0.503718606206815
Murphy Thibault,Tigers,0.76047348149632,0.104346429117268,0.633645843044644,0.744989819784019,0.571679266560526
Muse Scantron,Worms,1.01570033938184,0.784476959701873,0.151286579230081,0.454247423691231,0.081068262362177
Nagomi Mcdaniel,Flowers,0.867571995661161,0.971828903161746,1.07422290968687,0.835277759600056,0.673773301585659
Nagomi Meng,Tigers,0.752213381698885,0.630598908656356,0.505687938287068,0.611920510320583,0.426619820713167
Nagomi Nava,Sunbeams,0.839351957054045,0.514435605116576,0.0789710906165744,0.0969729294473938,0.52382446351515
NaN,Millennials,0.853050795421269,0.001,0.001,0.001,0.001
Nanci Grackle,Georgias,0.356732374547709,0.56065767078138,0.20785125278256,0.932285514238433,0.722489641707448
Nandy Fantastic,Millennials,0.817015249583338,0.24781382204847,0.686690641182876,0.0783044573498102,0.269439036023162
Nandy Slumps,Lift,1.14920187938336,0.69426098266029,0.473194955785831,1.07716003593709,0.859282832918338
Natha Spruce,Moist Talkers,0.960075216193562,0.186142583254291,0.15920862551859,0.708174082498812,0.177131998625292
Neerie McCloud,Georgias,0.66068833580639,0.983776715426933,0.46787216466503,0.718274182587883,0.419249376029513
Nerd James,Lovers,0.821223771164425,0.475583999763659,0.575754740654691,0.550498347755844,0.0829187656394819
Nerd Pacheco,Tigers,0.212686434918454,0.493905051352065,0.273129210878933,0.696025306990769,0.806230553273227
Newton Underbuck,Sunbeams,0.635860739177371,0.511189673988236,0.0661696399014606,0.191382426547714,0.91382179129533
Nicholas Mora,Pies,1.20076318199207,0.844060478234828,1.25439694306003,0.676183632348764,0.81504052316024
Nicholas Nolan,Fridays,0.263619793612621,0.479443298545527,0.411274499842635,0.0767998002709631,0.96194931976206
Nicholas Summer,Spies,0.896963986203432,0.42816154204802,0.380684721714783,0.495802609958554,0.868235320720053
Nicholas Vincent,Tacos,1,0.801743327554763,0.399367245546604,0.71448918034711,0.658725198573758
Nic Winkler,Flowers,0.261257538042357,0.145663960297844,0.291298304627408,0.0812461008433777,0.0703830140852815
Niq Nyong'o,Georgias,0.988751238091621,0.818721459482395,0.154032761720023,0.221364694895198,0.304817118590299
Nolanestophia Patterson,Garages,0.84639340662148,0.351089792059375,0.854143250954445,0.988341663260321,0.904200732260567
Nolan Violet,Spies,0.715850069077886,0.770871516748338,0.685972248350837,0.626852072408568,0.542895736685188
Nolastname Sokol,Magic,0.267501418579705,0.0618711821846241,0.830418428532015,0.616817646443522,0.326815021623681
Nora Reddick,Millennials,0.31496211009664,0.67161692286558,0.713982540231997,0.0676547453543701,0.925246750606606
Norman Muggins,Worms,0.450143305397533,0.529222851090575,0.50665460459154,0.211904978130379,0.994546566656449
Nucleus Cresthill,Sunbeams,0.329196227556367,0.35615793339983,0.280818729081494,0.0412748981033439,0.271483544283151
Nucleus Street,Lift,0.818525419819926,0.305574751202428,0.134638889006179,0.381859462154602,0.32327915050785
Nyx Snapjaw,Worms,0.2408461404605,0.412668672573319,0.410189121821119,0.0608326927249991,0.931281630402439
Oliver Hess,Shoe Thieves,0.0941522326347195,0.17582139172942,0.868592377717222,0.738991513148424,0.324870037733072
Oliver Loofah,Garages,0.282146729374267,0.388709985772297,0.692957643789151,0.618809512342329,0.601478065810625
Oliver Mueller,Garages,0.251067446234814,0.520063895286182,0.01,0.316070880912815,0.01
Oliver Notarobot,Garages,0.0827128364275735,0.758658473755269,0.0927478675178356,0.716594626625135,0.01
Orpheus Yardstick,Firefighters,0.704902131526596,0.838298311964206,0.499031966329643,0.575817093090829,0.56237869118975
Ortiz Lopez,Lovers,0.0976939144764899,0.40025806458025,0.278600385659478,0.927148710774076,0.376284579003251
Ortiz Morse,Garages,0.24053263957703,0.55194019606074,0.424268825684169,0.628237161776,0.50335137071214
Ortiz Nelson,Tacos,1,0.467439957919852,0.41766858146288,0.224259871393931,0.451982632367217
Orville Manco,Steaks,0.888059839050486,0.116944251068998,1.03422246800064,0.131650469500525,0.57038463207862
Oscar Dollie,Magic,0.681493899870732,0.343738604461426,0.0559590494403577,0.13847837909139,0.777787539700372
Oscar Hollywood,Spies,0.867097282495305,0.316669257570888,0.276718990504387,0.148532382221459,0.783661920721163
Oscar Vaughan,Breath Mints,0.868053078091259,1.02169423033516,0.185138765364282,0.163836845090124,0.506800482017802
Ovid Schofield,Mechanics,0.700313970634191,0.742492623275878,0.564477311695445,0.31754214136673,0.509444983504129
Owen Picklestein,Flowers,0.351857783304155,0.474091062137564,0.944589105676047,0.291492348388606,0.8107573447412
Pacheco Weeks,Tigers,0.309106546010192,0.856336937589091,0.245783215125535,0.611661491292499,0.463863829503512
Parker Horseman,Spies,0.292351507480576,0.0952848188647222,0.555048878674344,0.842874539116598,0.675190920491203
Parker Meng,Lovers,0.631892584799719,0.546903139974347,0.305866596646325,0.442134666033916,0.891531676723307
Parker Parra,Crabs,0.487718098474997,0.742064700814824,1.13103264179268,0.275221352474671,1.23417429485492
Patchwork Southwick,Worms,0.44180587589872,1.01529784637801,0.842220960364291,0.222741633627915,0.736937604647728
Patel Beyonce,Steaks,1.01019804755717,0.463728957226136,0.523772971940688,0.899478601198149,0.16938137381212
Patel Olive,Firefighters,0.284972553411549,0.834052857278304,0.791475144433385,0.654330253486782,0.898032729036439
Patty Fox,Millennials,0.117342772239193,0.89600387469007,0.2564236198899,0.993955638468585,0.0840915179646892
Paula Mason,Tigers,0.09,0.692227778572287,0.123261110116871,0.48238270206788,0.540200602115129
Paula Reddick,Sunbeams,0.0982048279462662,0.169802667282603,0.614312548135285,0.899220831864223,0.192315732266078
Paula Turnip,Garages,0.914585657943178,0.599533499542413,0.202361410445401,0.542631149777655,0.944996629286871
Peanut Bong,Tacos,0.574702778946509,0.882258026211806,0.403529657720574,0.243379325636492,0.418903235958849
Peanut Holloway,Firefighters,0.901115295713955,0.821124880858409,0.418685480923734,0.495287116860462,1.05441292990363
Peanutiel Duffy,Firefighters,0.499193800596254,0.754648494861627,0.341437161934375,0.722943940386104,0.891460047010956
Pedro Davids,Crabs,0.941177290710209,0.715971624963421,1.26957638714844,0.545573142269434,1.04252763732329
Peekaboo Nameperson,Spies,0.2687735374758,0.385184337887558,0.190824800311164,0.817167401846268,0.301779469782769
Penelope Mathews,Millennials,0.374339813474925,0.556481544627087,1.03857016756399,0.715585580393735,0.623321851951494
Percival Bendie,Tigers,0.680899477175136,0.729964122525367,0.279488730903993,0.590993699309146,0.953831928276388
Percival Wheeler,Lovers,0.630114203803661,0.755012472469032,0.89207063781748,0.842391341845035,0.231538868443014
Persephone Splotter,Worms,0.719375117555722,0.525342149022715,0.380784940271603,1.02997029443412,0.201720587466977
Pierre Haley,Crabs,0.665418487170323,0.109541706943405,0.751562839228793,0.703671010508841,0.774373852867512
Pippin Carpenter,Tacos,1,0.82510420985449,0.560158433661527,0.939480301749297,0.0276944008392785
Pitching Machine,Worms,0.393695054946613,0.835610907022207,0.822104459422226,0.144702804528993,0.907628108219292
PolkaDot Patterson,Mechanics,0.260308928829779,0.807423488275651,0.55437697276326,1.03747510782202,0.57525355938663
PolkaDot Zavala,Breath Mints,1.11421202538496,1.12150140443561,0.367103145651732,1.12070844690932,0.971900029872527
Pollard Beard,Steaks,0.521972920959967,0.578976873541206,0.358607412169668,0.641569775272267,0.101202475882478
Pudge Nakamoto,Shoe Thieves,1.06866266383689,0.50159425828677,0.251122181458572,0.805763700161898,0.785853325634397
Pug Meatbrick,Fridays,1.02967711364251,0.885201453227444,0.789006648835317,0.485822099397322,0.92663509440874
Qais Dogwalker,Dale,0.507173964265643,0.417313789152486,1.27587143842873,1.29838320150735,0.988223750928227
Quack Enjoyable,Garages,0.513849224139982,0.538939702532782,0.511165083068889,0.0710589642288741,0.093484193148657
Quack Hookrace,Lift,0.248302627491599,0.444489075704618,0.0232962476939005,0.516771911464132,0.82643012058767
Quantum Flahwah,Spies,0.528154253690529,0.387561587379445,0.232480069133104,0.652933403398994,0.873040111667621
Queithlein Shufflecat,Georgias,0.102104960702995,0.368861609616183,0.63185227976037,0.312839517597719,0.21595344255834
Quinns Jespersen,Mechanics,0.564686458436307,0.204927053795286,0.915140157934274,0.743180489437238,0.57298739059184
Rafael Davids,Wild Wings,0.946750190506035,0.699149617747821,0.87415045165292,0.339764643143143,0.706013512841169
Rai Spliff,Steaks,1.17870450241141,0.517293175493191,1.13671758144475,0.418363622667318,0.628296080366583
Ramirez Winters,Millennials,0.270818258776909,0.642603067925857,0.864530240326395,0.680831374876785,0.864551029299288
Randall Marijuana,Hall Stars,0.293623920619801,0.570085792057652,0.756899900514704,0.33457729985519,0.901325160112936
Randy Castillo,Tigers,0.293785133661039,0.0793894791322195,0.101973563184623,0.117770063726393,0.197549323980446
Randy Dennis,Dale,0.539183938987208,0.816808501017876,0.548192220213344,0.544096995067641,0.45445304392522
Rat Mason,Tacos,0.93992467836017,0.142646631406964,0.463437758161956,0.4078551097221,0.507428327965288
Reese Clark,Spies,0.208159995751213,0.617305496370764,1.06215139936731,0.65767483529001,0.831004395100867
Reese Harrington,Steaks,0.691125351172206,0.408950168916407,0.115479327729628,0.400216476993608,0.440510039745065
Reggie Canberra,Millennials,0.104823768678922,0.787547728021383,0.576972692289378,0.387793526041615,0.971610669179588
Ren Hunter,Millennials,0.178169373984957,0.577000916460797,0.122588586497406,0.451345698395844,0.207316948286558
Ren Morin,Tigers,0.0760373593388111,0.383264858249543,0.265238199491052,0.0814287453997489,0.0967050005847848
Rey Wooten,Magic,0.918206601224559,0.475641755942762,0.337247786170142,0.584588805692174,0.462443461342235
Rhys Rivera,Shoe Thieves,0.183716679286006,0.446177708054917,0.570971958956135,0.260687935120446,0.949536990153348
Richardson Games,Shoe Thieves,1.66038013622998,2.04939180270945,2.07275041272745,2.44133739589522,2.31730923224742
Richmond Harrison,Tigers,0.680587158345485,1.02605577160312,1.23039461343254,1.25113246163719,0.562093074121508
Rigby Friedrich,Georgias,1.05310221447855,1.03544699496171,0.548411212350788,0.689744453016266,0.724227229157306
Riley Firewall,Dale,0.753518392530249,0.631209009334816,0.685403657418585,0.226559806544611,0.575990202831439
Rivers Clembons,Dale,0.317136069050321,0.983485482739937,0.970084758420431,0.263412229850119,0.824422421792168
Rivers Javier,Wild Wings,0.253389026752534,0.848380840411967,0.618371492523603,0.627563877377349,0.843727577992511
Rivers Rosa,Firefighters,0.807397426165669,0.720532659920972,0.86201124226197,0.302208424886646,0.501094540631948
Robbins Schmitt,Crabs,0.247124722555725,0.400615609562571,0.0149383226264941,0.267848346067916,0.091407097943587
Rocio Caster,Worms,0.453417328083515,0.0229573671494308,0.97342671131296,0.40103234913616,0.16989859421715
Rodriguez Internet,Breath Mints,1.06688373478523,0.250313291483142,1.10084357859728,0.831545693131219,0.216060790869247
Rodriguez Sunshine,Shoe Thieves,0.429623040781795,0.962009727691121,0.221530516085326,0.678794747102279,0.815820528029137
Ronan Combs,Wild Wings,0.517349483777581,0.528721809797046,0.664106732232528,0.509321964936781,0.0622967210287956
Ronan Jaylee,Steaks,1.29418722116759,1.15166222493067,1.25382348885488,0.919036318548076,0.551132223598425
Rosa Holloway,Crabs,0.234293806271673,0.599792292278903,0.0688096121542583,0.0922497805147955,0.787790395167671
Roscoe Sundae,Wild Wings,0.578066715650023,0.991096754135872,0.825811739532315,0.780771912168945,0.278617421099143
Ruffian Applesauce,Mechanics,0.371708836744327,0.552002048938766,0.869932032888481,0.969417809971064,0.123935845277283
Rufus Kiddo,Mechanics,0.826765447243312,0.0292831789608505,0.358511385131802,0.831373853298011,0.895124127253561
Rush Ito,Dale,0.670573585948548,0.772084850990378,0.339716868249485,0.122608133223517,0.274709112840147
Rush Valenzuela,Firefighters,0.0758914343344752,0.633973266660329,0.873498439241694,0.91946163478309,0.524625026943857
Ruslan Duran,Millennials,0.784164938834401,0.375985338068366,0.373550740292432,0.727909551111806,0.209417320972419
Ruslan Greatness,Pies,0.787548465339242,1.28072579790376,1.1298502516948,0.840866263913419,0.860647998871084
Russo Slugger,Jazz Hands,0.503904110533669,0.0896249234995798,0.727676988322069,0.261185812233702,0.811118747662696
Sam Scandal,Steaks,0.891880939873354,0.574752455269446,0.460706155711025,0.265022387931125,0.190282976029903
Sandford Garner,Lovers,0.28050965362182,1.01485341413707,0.754613636596809,0.146789222822346,0.665614114534636
Sandie Carver,Breath Mints,0.153442367781643,0.172951450302175,0.271999180536731,0.198628073159781,0.619760720791855
Sandie Nelson,Lovers,0.129544087338923,0.569776962277962,0.986860291343224,0.585481569778986,0.146650826926152
Sandie Turner,Millennials,0.853571297614522,0.271305519849221,0.461773956748938,0.694498125319211,1.17659019239047
Sandoval Crossing,Sunbeams,0.980920130956839,0.442248027440329,0.582038815038979,0.99004842808463,0.574875619576276
Schneider Bendie,Millennials,0.974708758019454,0.119796685612373,0.158035099692967,0.524099693819868,0.764447454229452
Schneider Blanco,Garages,0.711432793087529,0.446267231110236,0.03422564385745,0.494171746248827,0.0993079464770741
Scores Baserunner,Flowers,0.629675786160663,1.07280864442731,0.774680130297896,0.833418949040004,0.409086753430496
Scrap Murphy,Hall Stars,0.210023151060986,0.720198917021949,0.110327484574809,0.247444338503146,0.906343554788458
Scrap Weeks,Sunbeams,0.784681317961392,0.11390813149008,0.479733129162909,0.311036011628988,0.486180935567093
Scratch Deleuze,Worms,0.45850009655286,0.248659909894559,0.84395785217657,0.0630297925803358,0.324581975475235
Sebastian Sunshine,Hall Stars,0.947951582624751,0.74539677152454,0.534274822822997,0.836013755862935,0.118654638824939
Sebastian Woodman,Shoe Thieves,0.0664072985704151,0.636397463652159,0.097963417310591,0.673942287380477,0.0590915245208773
Sexton Wheerer,Tacos,0.684980985262878,0.631595160653797,1.26484693016235,1.27757378822637,0.851953230114583
Shaquille Sunshine,Flowers,0.27277327899406,0.664245570632402,0.81206658211698,0.0135970657152991,0.355210016699729
Sheri Friday,Lift,0.270662576076201,0.728833929729252,0.0412408400584625,0.846071689322446,0.866909630588041
Shirai McElroy,Moist Talkers,0.818158063693058,0.404766426112943,0.451508992478882,0.990033828133465,0.24023436448992
Sigmund Castillo,Sunbeams,0.442938434507893,0.01,0.01,0.715389249914891,0.01
Silvaire Roadhouse,Crabs,0.521319431525601,0.429890585635741,0.680085335313237,0.681891141825655,0.863581956344229
Silvaire Semiquaver,Lift,0.602259762152361,0.304094444551198,0.235327264455891,0.335270261393424,0.753596146128447
Silvia Rugrat,Wild Wings,0.254758789260116,0.222421718011235,0.949953370510016,0.12916789401053,0.120228452315527
Silvia Winner,Lovers,0.743493972835173,0.760296741105005,0.357308222177239,0.923960138554843,0.186791133197368
Simba Davis,Shoe Thieves,0.620976054604345,0.88866378692313,0.107529574668029,0.310308518125747,0.674887798025146
Simon Haley,Shoe Thieves,0.202316891773389,0.01,0.01,0.275824097700712,0.124988601816619
Siobhan Chark,Georgias,0.77111092245262,0.513808952267512,0.188569619370471,0.126870212488009,0.647942150890292
Sixpack Dogwalker,Steaks,0.931952172697557,0.247077811272708,0.749545023565982,0.475979211403196,0.605152883835455
Sixpack Santiago,Dale,0.248552973658934,0.787203594837001,0.220072300157586,0.94530474051945,0.227778438083783
Slosh Truk,Georgias,0.501663420999411,0.891377739530919,0.716780059448956,0.25978257021979,0.0450652830602871
Snyder Briggs,Shoe Thieves,0.696590006850986,0.949416836232919,0.159387979138222,0.223348537948238,0.774501681089593
Socks Maybe,Firefighters,0.01,0.57151504551916,0.544588451028578,0.771159791639037,0.389688398390125
Son Jensen,Tacos,1,0.148396118219373,0.259190187765677,0.39317416845195,0.168152577217095
Son Scotch,Spies,0.580593493491943,0.669204455339062,0.376666110832531,0.291615025982746,0.01
Sosa Hayes,Spies,1.17393384240818,0.534295617394005,0.796907194480436,1.03391710338197,1.19845999499424
Sparks Beans,Garages,0.169066400895443,0.83837215538481,0.98581397624659,0.294528968491002,0.638560781373469
Spears Nolan,Moist Talkers,0.236162327684498,0.944219099753579,0.211211354204548,0.775784870868015,0.50518276105578
Spears Rogers,Jazz Hands,0.274496622348185,0.824581872996036,0.655432415899747,0.266746505742824,0.554214171315149
Spears Taylor,Fridays,1.60005883757177,1.49179367737385,1.05161007928508,1.43090253566741,1.41688140793701
Spiff Piazza,Mechanics,0.127133934903118,0.378765488206166,0.560034317211242,0.91749040269492,0.453678258510527
Spits Strongbody,Lift,0.545695313053547,0.66464994105555,0.724976323763847,0.420822853144886,0.943777577820631
Squid Galvanic,Crabs,0.758380010898685,1.12813335443809,0.412638039660361,1.01492745869054,1.14058962831518
Steals Chark,Georgias,0.272469094779779,0.128561508981347,0.151327240960841,0.340731563575709,0.497639186160527
Stephanie Donaldson,Fridays,0.517725077478636,0.480612584480082,0.176970742413045,0.385477663183885,0.386472152224736
Stephanie Schmitt,Flowers,0.0429866329615538,0.944525484067557,0.3735931484417,0.979332315521764,0.94889406486734
Stephanie Winters,Wild Wings,0.797991833362369,0.963888852834224,1.07687263682823,0.140133218076758,0.49612960501424
Stephens Lightner,Jazz Hands,0.270209422376926,0.582617792090562,0.428111414350945,0.0737267998206081,0.634437084019751
Steph Weeks,Jazz Hands,0.392162088761976,0.66961590623646,0.298667625483404,0.291891649575113,0.613620477186131
Stevenson Heat,Fridays,1.24347118521004,0.835071666264502,0.34293523697286,1.12155590601789,0.99963588672167
Stew Briggs,Breath Mints,0.218895499708593,0.01,0.0694455682501653,0.01,0.0869597382850262
Stijn Strongbody,Lift,0.114541448519948,0.137204288702567,0.978250492768625,0.573332906941968,0.750514228149619
Stout Schmitt,Dale,0.945567702518501,0.92843124490873,0.913010524361785,0.883456783743724,0.85557363209942
Stu Mcdaniel,Flowers,0.15104651117627,0.99483086780676,0.544772922313681,0.169427816903201,0.957575599216166
Stu Trololol,Shoe Thieves,0.73083648368452,0.845189853824216,0.536060335040181,0.554251629253116,0.417000810322508
Sullivan Septemberish,Tigers,0.760938063112854,0.930111585896119,0.136066455053309,0.547636050582464,0.317652702195749
Summers Pony,Garages,0.0589827274675892,0.301435143658017,0.705980791515069,0.368641008306549,0.334691799822951
Summers Preston,Wild Wings,0.01,0.01,0.522483146365046,0.198413767258605,0.01
Summers Slugger,Dale,0.423484996583218,0.778635767939525,0.236288740236053,0.364816950806106,0.563853733825969
Sutton Bishop,Sunbeams,0.987054556137478,1.05248797569276,0.64457561793555,0.556618655185239,0.215770141252766
Sutton Dreamy,Fridays,0.732530741043482,0.370904688285677,0.917089909795897,0.01,0.0279994368526112
Swamuel Mora,Firefighters,0.467963675077459,0.528045685322008,0.349238864369166,0.975468313266673,0.808039450292635
Tad Seeth,Shoe Thieves,0.241931810597452,0.62814029713339,0.962931463359076,0.14547284629785,0.146920541923036
Tamara Crankit,Jazz Hands,0.332032179173443,0.539938587721076,0.580478762768905,0.288027100778378,0.340097195275001
Tamara Lopez,Steaks,0.444736764439718,0.0543552188649545,0.59478191689765,0.949526353303868,0.888704125226699
Terrell Bradley,Garages,0.351512370750692,0.981914126136191,0.981195758962984,0.237337450806084,0.590316397917115
Tevin Melcon,Shoe Thieves,0.772543944265952,0.757603638467828,0.39979358566573,0.138064722715979,0.746898196621362
Theodore Cervantes,Millennials,0.736649828867666,1.20089756699251,1.19662167179001,0.904549775709021,0.25883501126018
Theodore Duende,Garages,0.450541414110691,0.743120182538963,0.490601423385683,0.0984158600081635,0.148129732002651
Theodore Holloway,Spies,0.246662698430747,0.688908451021292,0.486210182220871,0.01,0.01
Theodore Honeywell,Lift,0.947569878597849,0.894700899633415,0.877844624014679,0.724535039558388,0.0323615453848476
Theo King,Lovers,0.321155505976963,0.0803171698400078,0.29662517335352,0.718340238448302,0.211203702329627
Thomas Dracaena,Millennials,0.486242556204009,0.711972833563926,0.675589455219939,0.893561839072755,0.491742478157167
Thomas Marsh,Crabs,0.173501211296781,0.729774599495963,0.975518506328908,0.0932184894827242,0.615676457051804
Tiana Takahashi,Pies,0.961034351859654,0.267249402420278,0.777910175951146,0.30469340042277,0.796121032405949
Tiana Wheeler,Magic,0.184819563312813,0.171594437827805,0.907875315246713,0.777178795908823,0.25070021186745
Tillman Henderson,Shoe Thieves,1.27709859947741,1.00980445866189,1.43786564168732,1.38760370162412,0.798162668020736
Tillman Wan,Garages,0.737417597668602,0.138653502474394,0.00163826927568422,0.916236493277178,0.495925376223841
Timmy Manco,Fridays,0.253870580197647,0.715353136786972,0.301884108962778,0.948304783246021,0.375335717741444
Timmy Vine,Millennials,0.112013650792163,0.407152174963046,0.384610003721724,0.0573394989707123,0.536814453981498
Torus McGhee,Mechanics,0.46619502846417,0.265593628473644,0.72522488731144,0.803505527387847,0.884976099520246
Tot Best,Sunbeams,0.592184581747968,0.664269380185754,0.355708133789628,0.579035626659146,0.321355893014892
Tot Clark,Garages,0.205764461563359,0.384304697629865,0.925663024340977,0.441028397186354,1.1462858989401
Tot Fox,Crabs,0.3199671846909,0.973030592112794,0.401458135719073,0.893140858802439,1.05599225900822
Travis Bendie,Magic,0.288319000142075,0.955490055335298,0.638757031635638,0.467763200193501,0.932184611745441
Travis Nakamura,Firefighters,0.982909274030205,0.966515497978908,0.0705897787826266,0.802457778547074,0.685555868314721
Tristin Crankit,Flowers,0.321536988857064,0.567157027026723,0.855607855437853,0.662569512028306,0.226599196877795
Tucker Flores,Moist Talkers,0.221864214295955,0.848211839753565,1.01377207087313,0.146585211376793,0.538064912661226
Tucker Lenny,Magic,0.76778615495197,0.741969889889006,0.436168845803198,0.222850787932241,0.385407243768854
Twofurious Puddles,Pies,0.655028468887827,0.380553307212376,0.847264967991221,0.90986091940861,0.260410243006565
Tyler Leatherman,Firefighters,0.795253808292088,0.184495267120143,0.071099203891628,0.137395438094122,0.6168347210463
Tyreek Cain,Firefighters,0.232635214625683,0.608627136203926,0.275356489421834,0.446034071070289,0.839743481330496
Tyreek Olive,Hall Stars,0.630177079956278,0.719684733049423,0.0830588985277401,0.864285220207764,0.0102234830209751
Tyreek Peterson,Moist Talkers,0.31348808373871,0.760128759082251,0.906463551426693,0.161875867811402,0.0355458252143479
Uncle Plasma,Millennials,0.445799542823038,1.0452856624284,1.05856983437754,0.977141823211673,0.567659042362378
Usurper Violet,Tigers,0.290291277946257,0.546038614903323,0.964183390272562,0.640791364343362,0.433876491616304
Valentine Games,Tacos,0.145971180218917,0.0631939453033717,0.907684225498232,0.320672713799201,0.0554497717014755
Val Hitherto,Lift,0.355799290694442,0.584782919837953,0.604321750774337,0.995897770476738,0.388102549705579
Velasquez Alstott,Shoe Thieves,0.738962068661609,0.611155306475517,0.0226989312805233,0.267660190213569,0.340390277597787
Vessalius Sundae,Worms,0.517892187178977,0.498759219218312,0.270813508706223,0.531301616971481,0.206480720147682
Vito Kravitz,Tacos,0.0629727883417536,0.19169323746855,0.522382188538502,0.385539897097173,0.48352976798922
Wade Howe,Flowers,0.157913808158946,0.582268369094073,0.343913012540527,0.518551092099368,0.640659984534592
Wall Osborn,Moist Talkers,0.253992076690398,0.653469317869865,0.113557432177087,0.605273554047341,0.107813099041873
Walton Sports,Jazz Hands,0.78954250890626,0.947145593896411,0.762958875388471,0.937787220106982,0.570593901280951
Wanda Schenn,Worms,0.871785171144605,0.723713191562577,0.14023591106345,0.905855167412691,0.676134684445522
Washer Barajas,Magic,0.608139523017786,0.188142967257654,0.460638530952184,0.463098963451693,0.701825948863987
Wendy Cerna,Steaks,0.785963754779284,0.615918420610665,0.00275686205636161,0.477062693095187,0.392013802570224
Wesley Poole,Firefighters,1.26996754277054,0.816737413269062,1.0017401170872,1.30989255376108,0.872268110093283
Wesley Vodka,Tigers,0.959382771959203,0.660506815894185,0.58362833803144,0.583560812328368,0.617350413475338
William Boone,Shoe Thieves,0.35518632422047,0.421395027189198,0.620840081749837,0.565874637783292,0.294664335960976
Winnie Hess,Breath Mints,0.628347321322025,1.38563997099618,0.648405449741688,0.671981937617838,1.01846165774767
Winnie Loser,Shoe Thieves,0.431329422527708,0.4217385805559,0.284176035918834,0.233474931541936,0.432308115726214
Winnie Mccall,Millennials,0.18067617773764,0.726089936549971,0.01,0.01,0.0958661233680248
Workman Gloom,Hall Stars,1.00049772304272,0.39623567310236,0.316386739596388,0.812810184709759,1.29082010742914
Wyatt Dovenpart,Tacos,1.09353638949257,0.26657150862137,0.530946426649962,0.581571027562726,0.235452669318238
Wyatt Glover,Magic,0.912686705526781,0.125355474668242,0.466578573944239,0.843340811278978,0.597660466446408
Wyatt Owens,Dale,1.02,0.384315601910522,0.837867956800141,0.893772223289081,0.615076750335852
Wyatt Pothos,Jazz Hands,1.39328690357111,1.15139960208337,0.46327717996585,0.525022126259374,0.672897040999431
Wyatt Quitter,Lift,0.960033205436984,0.223587086896649,0.24246251842544,0.718909681680522,0.464020088746285
Xandra Pancakes,Worms,0.839058275209768,0.912924860935679,0.59067353374267,0.838749965213184,0.960200155273453
Yams Rolsenthal,Jazz Hands,0.671471954059977,0.501577275931469,0.190175488751386,0.653518863819423,0.05383236433757
Yazmin Mason,Hall Stars,0.344854868882643,0.30721510468367,0.122192162870087,0.503557422219644,0.0130604479789898
Yeong-Ho Garcia,Lovers,0.731294352832518,0.936754956776279,0.703588310054647,0.776293204978023,0.413011320445698
Yong Wright,Wild Wings,0.794892309866141,0.189435228813783,0.77127479059274,0.572734853628547,0.63270856039168
York Silk,Moist Talkers,0.735352953606929,0.295185419890684,0.328203979208326,1.04234215388138,1.07867066929052
Yosh Carpenter,Lovers,0.884897155667562,0.562208640617032,0.379483620843495,1.00821985245299,0.492329071446553
Yummy Elliott,Tacos,1,0.231326820083321,0.285152959069055,0.572339544643015,0.770184412281564
Yurts Buttercup,Georgias,0.332391878168656,0.298732289898898,0.880187556227928,0.456268831835525,0.0420195606356057
Yusef Fenestrate,Lift,0.474311571008198,0.537117839123357,0.536033605531512,0.391286476466958,0.479994564915173
Yusef Puddles,Pies,0.654868356737979,0.898315815843268,0.489393920034819,0.972955389615299,0.277901803907438
Zack Sanders,Sunbeams,0.351775942478624,0.533405543564523,1.06583453369229,1.06790668938371,0.394490005200646
Zane Vapor,Tigers,0.192615968766408,0.142354933127409,0.446138438936906,0.266327571196185,0.680240225156083
Zeboriah Whiskey,Flowers,0.0748871269263902,0.483209752283646,0.879680896849548,0.541558800208594,0.347856187546221
Zeboriah Wilson,Flowers,0.791605485097931,0.377670059201222,0.565254545705658,0.277446166099265,0.479297031117166
Zeke Wallace,Moist Talkers,0.173996939388651,0.602034516568825,0.169966485864657,0.157662130737837,0.923555868290965
Zelda Highway,Lift,0.91702685035838,0.825360530537413,0.360328399224105,0.89711948419192,0.79101794357051
Zephyr McCloud,Steaks,0.355445755971351,0.166025382989609,0.597190588791835,0.926459089465002,0.669450863577457
Zesty Yaboi,Flowers,0.381475309909141,0.631119358536989,0.204553740880917,0.909944274871108,0.373037042009944
Zion Aliciakeyes,Tigers,0.548577255246888,0.574898603253449,0.135595841784489,0.299750796241983,0.70096149437031
Zion Facepunch,Firefighters,0.324748448229345,0.921657447150028,0.679456057423914,0.552597471845911,0.687936730965457
Zi Sliders,Firefighters,0.107585682385603,0.59038777174452,0.0474181729569303,0.122098737221962,0.0992119358993027
Ziwa Mueller,Moist Talkers,0.829419572233238,0.985780305517996,0.21241327382552,0.361112475974131,0.262559920746322
Zoey Kirchner,Mechanics,0.876633756646202,0.624356053627876,0.067703165963938,0.25697620848398,0.312691808011476
