name,team,patheticism,moxie,divinity,musclitude,thwackability,buoyancy,martyrdom
Abner Wood,Lovers,0.269173274689517,0.139944048986872,0.428519913796308,0.236389928912213,0.866578440983406,0.510632274127496,0.848771506919791
Adalberto Tosser,Crabs,0.0916791824084664,0.109835357138035,0.498628208659595,0.289133017533108,0.317320564995987,0.244839407113351,0.843017160774714
Adelaide Judochop,Mechanics,0.0430581963408753,0.129511619027968,0.263429796230386,0.583047031007428,0.993747144204539,0.514776330335818,0.599376537741941
Adkins Davis,Tacos,0.607491216146078,0.156013872999233,0.449663191252855,0.267143376429987,0.416979846627169,0.984811799593039,0.928347199643459
Adkins Gwiffin,Wild Wings,0.0937050786119864,0.0111478336297177,0.04535700939275,0.189152863419218,0.135623771775732,0.608517972909983,0.887321312786132
Adkins Swagger,Breath Mints,0.347389709957719,0.159306427110079,0.787522602167716,0.992879429818812,0.81836115085849,0.594208272168627,0.435594443200295
Adkins Tosser,Magic,0.305760136047233,0.9637763233356,0.284111271514377,0.269120194310463,0.492392092926921,0.998446567273888,0.133967435647997
Adrian Melon,Pies,0.275677919523831,0.102258776400002,0.708121881911005,0.951649232283269,0.302170812929687,0.543763547309597,0.332169643391881
Agan Harrison,Firefighters,0.181769656358699,0.763573635095552,0.734769000529631,0.287591057528919,0.177902698643524,0.191736247934423,0.380243311345569
Alaynabella Hollywood,Garages,0.216388979665975,0.40284323838016,0.37173515442373,0.951839343218936,0.498068794396406,1.11216466669729,0.831820878771762
Albert Stink,Millennials,0.87661284494298,0.602417611991875,0.68999614092215,0.839574573775868,0.0597521566678108,0.646556445869085,0.204763431146288
Aldo Comeback,Tacos,0.887666341296979,0.346087082043888,0.653483067331195,0.736878068870215,0.712970986252654,0.983030157276302,0.863684753590303
Aldon Cashmoney,Tigers,0.229409276601667,1.1990046250178,1.12209703800539,0.729312288235336,1.04407256350662,0.548275990392476,0.764497563610855
Alejandro Leaf,Lift,0.01,0.659375078888583,0.313675403304885,0.522187159700771,0.279139599978729,0.935303002387845,1.05343574984188
Alexander Horne,Lovers,0.438486417723004,0.622335323551929,0.396480031392666,0.119170280077946,0.319432911123334,0.130415654582041,0.703089707878785
Alexandria Hess,Crabs,0.137007649601895,0.678194471307161,0.0604353317432753,0.356471177960822,0.922983818317491,0.867496687116958,0.766625918009865
Alexandria Rosales,Spies,0.483411915517976,0.549707581114345,0.582318040860465,0.638936277320815,0.877552448149321,0.293061936476721,0.513597995838277
Allison Abbott,Steaks,0.749285166953281,0.909945051412618,0.775390982374562,0.925464065026223,0.580264599573724,0.374340216769473,0.762537372718596
Alston Cerveza,Moist Talkers,0.001,1.31124955141645,1.03610870649382,1.25965537089517,1.43059643881975,0.749484630008696,1.40917390037074
Alston England,Firefighters,0.495025972781256,0.79215095929743,0.745475900572513,0.0842264152925296,0.431283371190971,0.243695894880533,0.715678886999062
Alston Woods,Dale,0.817066166196432,0.933310303356569,0.128998736804952,0.215096589635473,0.101770611029904,0.549435665183506,0.918412561018048
Alx Keming,Shoe Thieves,0.697098959022159,0.949145692025789,0.708523161739207,0.877400118405779,0.341961693490897,0.892109479073445,0.686458499143877
Alyssa Harrell,Fridays,0.001,0.780341805364934,0.841081741521337,1.07231116043713,1.11801534233394,1.31373965722671,1.3498894137493
Amaya Jackson,Lovers,0.979787360012899,0.580438718768457,0.607618077190404,0.466718968181518,0.827721039538567,0.866589822080972,0.577884545809846
Amos Melon,Moist Talkers,0.275562194017951,0.106878693268408,0.891764658007773,0.927406121044286,0.187412433735115,0.774364033008958,0.111938241185192
Andrew Solis,Millennials,0.01,0.401482558666689,1.03747678477567,1.00176026754538,0.636046032834033,1.02079754282491,0.312900679635824
Ankle Halifax,Georgias,0.876179781277142,0.243536900713544,0.508726271875137,0.857279229482554,0.977707096426308,0.465168630789098,0.941406381846686
Annie Williams,Lovers,0.708197523338459,0.321560873227258,0.383610112552742,0.748354144368354,0.920163206395402,0.339182777353743,0.344986819990797
Antonio Mccall,Garages,0.215171418885273,0.439158146180978,0.339224900770339,0.0825689079228291,0.569789427391054,0.718027719823386,0.861701176962341
Arches Candle,Mechanics,0.662887218792484,0.819902003405554,0.538927213201635,0.15073734452869,0.475622243923656,0.864083328314492,0.805059710823291
Artemesia Teixeira,Georgias,0.0359431758033457,0.832102075670019,0.651171371436764,0.600766887183316,0.0762198822600852,0.702656881464147,0.27055704999542
Arturo Huerta,Garages,0.238899402296233,0.984722699987,1.14939265057127,1.17536932719583,0.274168615534498,0.238877975876552,0.470148332062413
Atlas Diaz,Magic,0.699037872410359,0.056184390386212,0.696734399110611,1.02138120646308,0.216479837490047,0.305902510520146,0.412617524873844
Atlas Guerra,Breath Mints,0.515217674810935,0.961055691271024,0.4514659903616,0.232089385286879,0.555516663722021,0.187777050910953,1.03394180716005
Atma Willowtree,Worms,0.937719604781854,0.334327154670394,0.0183009407397283,0.847850834364495,0.185862675506082,0.36466746979642,0.687380439273791
August Obrien,Pies,0.923854339868251,0.492707772945124,0.927569415161167,0.913890776522519,0.641217161019016,0.463957840433034,0.556848506591683
Augusto Reddick,Moist Talkers,0.62350242933041,0.568888437243477,0.58667905162278,0.643818240506828,0.40495709897109,0.206793824493184,0.807027761475902
August Sky,Jazz Hands,0.393628055398866,0.64235259853198,0.827576572501653,0.870912847193061,0.956373714805568,0.33117140017963,0.326945407703891
Aureliano Cerna,Spies,0.763763502206402,0.481435800200481,0.356657818113976,0.0279338542972118,0.500582985792615,0.778615238122449,0.525710354835159
Aureliano Dollie,Dale,0.557397338699976,0.955008662480632,0.991316442925168,0.707936970762198,0.0100251575364967,0.44517341744395,0.487003121606204
Aureliano Estes,Lovers,0.615490787936228,0.267569710888219,0.540500075760764,0.895885368564657,0.548114904130794,0.566688884913291,0.364926722732329
Aurora Blortles,Worms,0.147754505820289,0.631813158384145,0.764423926961726,0.278456466867439,0.786219767411856,0.990068152515927,0.972098561619779
Avi Jones,Worms,0.751991880418965,0.189940480969805,0.562672953222229,0.289693345660697,0.463439328221165,0.255412077431565,0.363910180168716
Avila Baker,Sunbeams,0.282901709018494,0.753131996867668,0.88935915299718,0.132241250355556,0.426310265988251,0.725862957720412,0.496647524882825
Avila Guzman,Dale,0.284939624932055,1.27479361148952,1.33859502890805,1.00911587221429,0.395127664234394,0.716383595491019,0.690931469493742
Axel Campbell,Crabs,0.0207189097552967,0.592191352620297,0.812722286820512,0.104069037921676,0.917367501462444,0.685178362091901,0.187482561930174
Axel Cardenas,Wild Wings,0.522083175957731,0.154202318391343,0.30672367352299,0.778421047665701,0.370274361788202,0.751169385881081,0.336327020869703
Axel Trololol,Hall Stars,0.192052014348742,0.709674362428144,0.352253611977295,0.482026527122926,0.594420719967941,0.72381114355778,0.439620087639228
Ayanna Dumpington,Lift,0.604428596760494,0.45508346821117,1.002677516092,0.529377001069262,0.925975575185358,0.297010279351663,0.925074168910318
Baby Doyle,Jazz Hands,0.356506750639457,0.508081668431783,0.917344754584847,1.21743601644253,1.17738365180559,1.13884376036179,1.09209071189728
Baby Sliders,Sunbeams,0.186266333143765,0.235880644795543,0.686503039335306,0.75208822792881,0.439857410195567,0.602538401771194,0.384737558941701
Baby Triumphant,Firefighters,0.01,0.678566582123147,1.04041142826468,0.562576785852519,0.888346734431686,0.788547106768562,0.167941146965224
Baldwin Breadwinner,Dale,0.909,0.288407830279343,0.587332644826043,0.660963072605328,0.091,0.401859178277534,0.790220293167893
Baldwin Jones,Steaks,0.610538972083133,0.932628478163959,0.583493748457331,0.070559789221853,0.156658099459434,0.939850031758802,0.688786892796023
Bambi Perez,Pies,0.587976863855295,0.820779195820798,0.186562972053612,0.305203402410734,0.367476821568913,0.524710687608945,0.621869183616285
Bartleby Zhivago,Worms,0.894367510247322,0.861305213852544,0.447420230928969,0.898196136120814,0.262699241699607,0.709603751394735,0.850602636660743
Basilio Fig,Tacos,0.511391966939865,0.502847047147131,1.04919191440292,0.553971321732854,0.458695094039789,0.858400098991059,0.510142244653914
Basilio Mason,Tacos,0.52156787193845,1.25979806795042,0.594423143609101,0.884518627582182,0.786042461562947,1.26849736185658,0.927585928762142
Bates Bentley,Fridays,0.798646070837104,0.376634110230715,0.859965353953655,0.972322617896945,0.813707351938233,0.674819320390082,0.662517173054994
Bates Silk,Magic,0.421716023863408,0.758947531998072,0.815247466995934,0.141076287908782,0.391695306511968,0.819478021600837,0.409810024528258
Bauer Zimmerman,Jazz Hands,0.42670511594872,0.969917468163636,0.967941757856624,0.413868713405109,0.963640454211027,0.225597410024457,0.926229251655547
Beans McBlase,Moist Talkers,0.141570118690509,0.692910983625767,0.990156701353718,1.32815013730008,0.463785467010722,0.366874373278465,0.697223136331776
Beasley Day,Pies,0.468963730334507,0.208478936183607,0.688800826855231,0.077668725979879,0.684999969166638,0.753671592081851,0.523706390600614
Beasley Gloom,Moist Talkers,0.873210783570685,0.474841310444615,0.548034526500338,0.371818318898195,0.183607997939428,0.146528362760589,0.363740269083902
Beau Huerta,Millennials,0.477921810706209,0.119488801418196,0.827497439439418,0.0626863079603268,0.432456427599993,0.764301975251091,0.759968760606524
Becker Solis,Spies,0.803083153034773,0.565745937129663,0.889009753106554,0.926279499373804,0.128779643154149,0.938524224310551,0.698068205612395
Beck Whitney,Dale,0.001,1.46790711591166,1.47109006268987,1.26875065900766,0.991408636048268,0.751078730011208,1.20472879872304
Bees Taswell,Mechanics,0.101182822483153,0.340049546800633,1.04550098785295,0.185701628814105,0.394453600628912,0.828999524659013,0.911288635493817
Bennett Bowen,Steaks,0.66734733247624,0.794072008656146,0.365649673468804,0.856617248428776,0.314339572510484,0.0195060322919487,0.340995902263607
Bennett Takahashi,Shoe Thieves,0.729818338029183,1.01748864660754,0.220313337393788,0.78935459792009,0.219340477837514,0.114043512771161,0.684967151826197
Best Cerna,Wild Wings,0.454539371121513,0.400967615750008,0.290112690709835,0.643601957770531,0.560563789880162,0.126805060036614,0.951904808868101
Betsy Trombone,Garages,0.001,0.582674728956185,0.261600328057945,0.843458463773354,0.613239648671726,0.649557074937034,0.392523518951243
Bevan Underbuck,Crabs,0.001,0.714478177448741,0.308661461743082,0.189400237864268,0.220031425575238,0.944001805196162,0.868127874082942
Bevan Wise,Magic,0.834559724769721,0.500801099455762,0.449753194918357,0.375491004134115,1.03868468937004,0.297683358006454,1.07136499390496
Blood Hamburger,Shoe Thieves,0.0893249548323994,0.733682203353885,1.14110643240809,1.01609309768438,0.855178847016414,1.02699879485985,0.442636117549
Bonk Jokes,Magic,0.199530509047612,0.945962959373302,0.437502165068955,0.47803854583343,0.669335772595646,0.954494206782856,0.0883528634233561
Bontgomery Mullock,Lovers,0.001,0.97484405685259,0.180430089042703,0.209327672024836,0.15355518202029,0.687590293944865,0.88228529326256
Bottles Suljak,Mechanics,0.0710884747905576,0.271982786703549,0.666218712912521,0.881152755927668,0.440755791638097,0.187435014337359,0.372888193815399
Boyfriend Berger,Jazz Hands,0.144978729639968,0.375995327069163,0.392092998151344,0.977668999886303,0.445915066126914,0.104083749437483,0.905028524547229
Boyfriend Monreal,Hall Stars,0.2464617253318,0.987906770820123,0.280702137380585,0.167950069581838,0.542001113636919,0.564796707868063,0.678734876803167
Brewer Vapor,Jazz Hands,0.273246290214334,0.492225588131021,0.461756235764354,0.161657587315342,0.0219358869471311,0.424397572672695,0.776802691540939
Bright Zimmerman,Moist Talkers,0.779156967177761,0.794902260449326,0.838959752721736,0.353422113164879,0.764862231687165,0.277583633853319,0.513075325106314
Brock Forbes,Crabs,0.307602908579779,0.04,0.348476553046346,0.240340032219591,0.108416433436186,0.951415356125024,0.04
Brock Watson,Wild Wings,0.411592690108229,1.01769903682904,1.01065497181202,0.974430438392394,0.217482360943059,0.901900476238021,0.498787641916003
Burke Gonzales,Wild Wings,0.01,1.12611749416048,0.547094688440418,0.876846696909295,0.841586746198916,1.08468751033186,0.345669200734798
Caleb Alvarado,Firefighters,0.26954138003648,1.03685817624363,0.350080504055726,0.423427581064037,0.152371545458937,0.908769976664728,0.21748753513106
Caleb Morin,Fridays,0.063401636425881,0.456248738466298,0.896935159873054,0.518003110564539,0.558404358809806,0.429381762940219,0.85843675169432
Caleb Novak,Dale,0.93,0.637946920770875,0.136416363352898,0.196717032451398,0.528597418255544,0.40700353374661,0.07
Caligula Lotus,Hall Stars,0.120972477036086,0.840949120623126,0.342508409816368,0.973113951264949,0.287178680918126,0.455363461498928,0.222238230112807
Campos Arias,Jazz Hands,0.653205305147492,0.739796603546183,0.760780926587014,0.353239196258266,0.531975959011837,0.506756078786298,0.418342779531326
Cannonball Sports,Dale,0.387646249376385,0.804609872891387,0.873335231066236,0.797885344885203,0.921889880368803,1.00621794743898,1.0664853467035
Cantus Hojo,Worms,0.711393061801549,0.25791603111087,0.945023514236116,0.430239333601229,0.395705355645671,0.417673885510454,0.466052935173034
Carmelo Plums,Garages,0.124434831860797,0.451527042661163,0.276554446471723,0.728407466762828,0.496474304766463,0.536775434065803,0.04423245847258
Carter Oconnor,Shoe Thieves,0.783625154238891,0.433999619394713,0.939854628353646,0.291498189271969,0.404800773303421,0.944125617936157,0.403409888287257
Carter Turnip,Moist Talkers,0.0150358783320761,0.94653778277931,0.77031296901934,0.913925283996803,0.141212977723292,0.357610221723506,0.668440915997484
Case Lancaster,Pies,0.110335953063797,0.650108859703141,0.000245941668350902,0.0735377914654309,0.741387765535813,0.250802315235366,0.0667856296869564
Castillo Logan,Pies,0.181603337037492,0.00773849181226405,0.628982773285699,0.733601702004591,0.298816041830616,0.221514782412952,0.750236676166186
Castillo Turner,Flowers,0.387604194583392,1.06530961306645,0.915048364952378,0.998315653838403,1.45000299348898,0.715410470340455,0.732562144703755
Cedric Spliff,Moist Talkers,0.001,0.461961965823382,0.388806180961597,0.580432054896854,0.663805210678925,0.760374088752003,0.544698157017547
Cell Barajas,Wild Wings,0.352373639757642,1.18094657601396,1.0990881338169,0.657322469864843,0.289713115218737,0.876830756461884,0.475993089421594
Cell Longarms,Steaks,0.290668055631744,0.610404471390932,0.712002806473462,0.610777820630325,0.352502815534566,0.297073197664315,0.985174747350939
Chambers Kennedy,Flowers,0.403722319628739,0.70445521997111,0.778534070790751,0.904914209941834,0.318211018527848,0.226551738125911,0.604580921820566
Chambers Simmons,Flowers,0.865255337917999,0.722225329411824,0.875124409169185,0.788962939549049,0.635538304026894,0.542498916791884,0.480358048871136
Charlatan Seabright,Millennials,0.735153366867283,0.195323868614306,0.883782384953351,0.213467668201166,0.210551318172547,0.541718572826778,0.865253904472516
Chet Takahashi,Spies,0.0962719580883349,0.697746394918817,0.265025822198395,0.924756660118135,0.290027921157304,0.184222323443172,0.145066107458228
Chorby Short,Magic,0.45171953872572,0.378527970366406,0.656147849674823,0.521398432154768,0.800613505523197,0.551372209884615,0.476353891782344
Chorby Spoon,Lovers,0.360172328491449,0.189600049573185,0.980695410171264,0.870594511434942,0.587978635967478,0.736400156485514,0.56320457872457
Chris Koch,Sunbeams,0.619278688328236,0.541374832838284,0.172138954842935,0.0844255327728884,0.563282637633503,0.351714372701861,0.842852424430279
Chris Thibault,Dale,0.0675497586113394,0.380635086135024,0.253549208518302,0.139297963208804,0.792360438982145,0.0148891439533254,0.378210772376945
Christian Combs,Fridays,0.412770481426856,0.337620536195159,0.270834202747828,0.808423460072037,0.99123208347967,0.252322827942599,0.880315511116188
Cicero Homestyle,Wild Wings,0.985861664655814,0.497345296204124,0.30259924713218,0.738768048225889,0.270388659227072,0.612753852102786,0.408148730628491
Clare Mccall,Firefighters,0.407676446141628,0.801688826015433,0.563161576204695,0.116056949202003,0.910231569424811,0.0686840286906503,0.705911317429109
Clementine Steeplechase,Georgias,0.594640372367451,0.177089905681528,0.166282501736537,0.307413016195167,0.744773379502202,0.595143235673977,0.920764431887388
Clove Mahle,Worms,0.566643067459859,0.671428832016763,0.956101014357176,0.954405745233169,0.754072935922297,0.524845109787572,0.941758758212276
Collins Melon,Jazz Hands,0.507291244287003,0.962814747389634,0.4122824417737,0.517025222064922,0.416435039289351,0.119877782903902,0.876878136433121
Collins Mina,Moist Talkers,0.72946240519417,0.13314501381966,0.731379265103148,0.129811159262209,0.151838642971854,0.50350664569023,0.258119330230645
Comfort Monreal,Sunbeams,0.867846486799857,0.532152214521362,0.0931192148206608,0.19772215813314,0.0343257103268917,0.411135974322916,0.000416980034286585
Comfort Septemberish,Spies,0.611622372762645,0.767285456012244,1.18790247350939,0.375357037755708,1.17799570561094,0.832022796068565,1.10547871769021
Commissioner Vapor,Moist Talkers,0.001,1.12633981907994,0.88923123303327,0.550438616793117,1.0479187768288,0.767687961900899,1.1012843597335
Concrete Mandible,Lift,0.678744811076632,0.639159870530949,0.102121888059224,0.454639245841667,0.189801971130506,0.583769127870951,0.547417515190536
Conditional Yuniesky,Shoe Thieves,0.85739405640167,0.131486728200258,0.472307923283779,0.480732124800233,0.656491524871936,0.0365637314129303,0.1431184200435
Conner Haley,Steaks,0.382394722016042,0.307425502751868,1.14732296615118,0.638514711714071,1.05248677757583,0.526195208030416,1.03323161986221
Conrad Bates,Breath Mints,0.753514477068213,0.203427888887916,0.695335689675332,0.708691765075718,0.827683218667472,0.372859172697821,0.193329585562492
Conrad Twelve,Firefighters,0.516461933684438,0.123331469558744,0.530831003226175,0.71369268687511,0.66872980615908,0.761172644965695,0.721520900774041
Conrad Vaughan,Jazz Hands,0.484169689680944,0.890389599258262,0.315434209096505,0.932656880299001,0.722379755639541,0.787338951172468,0.501343163550014
Coolname Galvanic,Lift,0.384447043339827,0.644103398801573,0.85613411433135,0.482467206754541,0.917492056117753,0.438762052419321,0.379384866521759
Cornelius Games,Shoe Thieves,0.722733302667336,0.356759745365587,0.872160476368822,0.21304156061697,0.324568903371282,0.635775087317601,0.640882406172288
Cory Novak,Fridays,0.552014587525292,0.916388243505552,0.451760900669079,0.805842465254831,0.360566318745641,0.582670701917224,0.215610992734407
Cory Ross,Steaks,0.421251140899138,1.30943264910954,1.14685414434549,0.903955654741134,0.481997590887158,1.1125065706378,1.09417268376563
Cory Twelve,Flowers,0.668939837133937,0.171682598629189,0.774103769392256,0.486968942658278,0.997934717104049,0.22359227327143,0.549539616656985
Cote Rodgers,Jazz Hands,0.888128559185096,0.650014683089677,0.337914034506113,0.89047695094064,0.685283981217595,0.707802261037952,0.101834971997876
Cravel Gesundheit,Mechanics,0.926196349664196,0.133992596129645,0.36091381299349,0.667025307621962,0.00616788610443741,0.457083606558301,0.379047791867657
Cudi Di Batterino,Lift,0.277773453808402,0.710230648205846,0.256599887516782,0.492711161078443,0.426869445804103,0.0317734298683571,0.0201455178947568
Curry Aliciakeyes,Magic,0.539999068666696,1.17060807760217,1.23963741815263,1.13669528523439,0.328318015589125,0.7039109769332,0.802797604194502
Daiya Vine,Spies,0.79820306262861,0.481221274112634,0.66218651794897,0.988607667214313,0.802928348710449,0.477427517752896,0.542768419391517
Dander Permadeath,Lift,0.545332185021638,0.0945093448680869,0.94831750679021,0.591092764233534,0.218819434767532,0.462445547181941,0.0117477977740525
Daniel Benedicte,Garages,0.387661551100718,0.992839216068551,0.0462604589907709,0.629277268841449,0.182711229594073,0.676458291261319,0.519630975911493
Daniel Koch,Tigers,0.931349340151421,0.745646715313441,0.62833726166254,0.782144050118585,0.894063873648611,0.397437723310014,0.427612048163604
Daniel Mendoza,Breath Mints,0.682005318800428,0.518829632044629,0.0390483325721831,0.246746006189344,0.61323606402373,0.418218508268159,0.50406321646037
Darren Chill,Spies,0.376385432603833,0.17766830066249,0.0854547914532326,0.673438976048753,0.530542553565628,0.55211713976199,0.931268633376654
Declan Suzanne,Firefighters,0.950000685551295,0.0152378153728249,0.184495371541221,0.427816045544354,0.422332699425771,0.0309651035030789,0.278698190922748
Denim Squall,Moist Talkers,0.000815137663417786,0.0256989271348478,0.895359529993841,0.233625035930942,0.992616900681634,0.754142758881812,0.865868348882349
Denzel Scott,Spies,0.187324102106095,0.551468830826295,0.787012427398934,0.505251559999948,0.909750126239084,0.874003010742525,0.619423947513659
Dervin Gorczyca,Jazz Hands,0.141832435503276,0.636839943877302,0.522164642670075,0.0707423932460263,0.348045775452794,0.703734458636796,0.765667499076665
Dickerson Morse,Steaks,0.538319407077275,0.469694899572455,0.29830469977947,1.2306618292521,1.20444683335762,0.843320452159409,0.724657871284117
Doc Anice,Pies,0.321498237868668,0.568698410717452,0.265630300793992,0.651894623160123,0.63586674417562,0.664006157463642,0.922717243535588
Doc Cash,Tigers,0.726744983948649,0.138841210079366,0.228658470499989,0.288225569201006,0.372594910363061,0.397334288087406,0.125202518690028
Dominic Marijuana,Hall Stars,0.304851853170305,0.198065642825422,0.883779868779614,0.911484193899038,1.04189026497091,0.407830646303267,0.233461703201478
Dominic Woman,Tigers,0.0508480703477363,0.00248836799199559,0.0611042978774754,0.520416920185365,0.0606109959764036,0.473683588900697,0.909428471601806
Don Elliott,Dale,0.688578364121252,0.497800661671974,0.667386462609915,0.17,0.519606704784718,0.633589542763291,0.726613096295271
Donia Bailey,Spies,0.276372815884912,0.930758406620642,0.593785837576047,0.323368500041451,0.364359039827067,0.440635901347058,0.438617297159075
Donia Dollie,Jazz Hands,0.602499731549403,0.238775710225763,0.736686977871029,0.217889036256002,0.777766442291412,0.460249882264677,0.457522483567728
Donia Johnson,Shoe Thieves,0.765943926872056,0.865997805200867,0.333348187646203,0.0993996597249864,0.605027951289536,0.177396921990484,0.0607152186187418
Don Mitchell,Lovers,0.228031033579259,1.32795705099808,0.940175106814057,1.27217880924646,0.803360155517899,1.46074637785308,1.29350018878833
Drosophila Hojo,Tacos,0.50653516247021,0.635982958843712,0.904096997818582,0.548159216489087,0.0418704936892054,0.45161539241501,0.176186996868004
Dudley Mueller,Sunbeams,0.223640317917383,1.00441022315579,0.771320877982029,0.945664110112194,1.56578008981267,1.55317967582974,0.931322148499035
Dulce Schofield,Worms,0.700727760446726,0.198686695826816,0.886919688358412,0.184294223315231,0.273543713291694,0.512605204926027,0.294378880270385
Dunlap Figueroa,Tigers,0.798670574534612,0.644244307336372,0.364387496095841,0.811740304538069,0.143612503068223,0.861755951845357,0.782883504641175
Dunn Keyes,Flowers,0.584458354559962,0.570064634258258,0.562359975160802,0.669942745933586,0.456764893005546,1.08505789059346,0.457819428473786
Durham Spaceman,Garages,0.783108981116343,0.327705197139487,1.08800175715375,0.755202405630018,0.241126061474576,1.1096783265037,0.545642393211247
Eddie Nakamoto,Mechanics,0.0659450972015372,0.425235542706843,0.382221702720973,0.878406277789124,0.0215496256569603,0.32898290642832,0.0147769410182643
Edric Tosser,Jazz Hands,0.958953992271396,0.844616902581176,0.656874225061002,0.487316972024578,0.0665918301637864,0.820961694485525,0.988691741899731
Eduardo Perez,Spies,0.437474797773952,0.40295201433868,0.786077360245789,0.189022853257678,0.481130003149635,0.594122860358455,0.0456590636239806
Eduardo Woodman,Pies,0.595517234031509,0.575519188538658,0.846539703670317,0.650666489554388,1.01939091085646,0.705869319618432,0.574553733532043
Eizabeth Elliott,Magic,0.607179729848609,0.386869200791111,0.685443174877407,0.936213204047778,0.680876985221809,0.61519259189486,1.10563873006318
Eizabeth Guerra,Wild Wings,0.799759801476158,0.19354999063101,0.402032099893281,0.584483116748369,0.636081490437687,0.568513082736123,0.132802410054071
Elijah Bookbaby,Flowers,0.270851638209094,0.51281268847961,0.243515427578288,0.262073158300727,0.796173433992276,0.840424873589023,0.397008690433458
Elijah Glover,Crabs,0.149757728023821,0.588009272354814,0.496210259011173,0.723732270661602,0.69021918221665,0.940890483468111,0.00635086166885079
Elijah Valenzuela,Jazz Hands,0.270935239528503,0.605738454082824,0.0262319179465234,0.0411633103692401,0.634554795069499,0.155894541416429,0.648702736920795
Elip Dean,Tigers,0.987769777123265,0.827348131231856,0.596747068933714,0.0635687538002907,0.46703723478171,0.337368932912407,0.666878221926952
Elvis Figueroa,Pies,0.0568389999831544,1.03916357405655,0.471222526024992,0.797954003722314,0.938146812132471,0.299145957635012,0.317134419455415
Elwin Blaskets,Sunbeams,0.708690345074555,0.632872629718158,0.165787991686847,0.877301026551186,0.942816105606177,0.95374484445122,0.411508077705024
Elwin McGhee,Lift,0.275159333000458,0.831252996654614,0.343437184010744,1.1400531790691,0.529677227824008,0.68443157126989,0.438965003633347
Emblem Warhorse,Garages,0.481790752506708,0.0397941027912354,0.150647855824188,0.621126973879789,0.883823766660551,0.763836283175313,0.0514132977315425
Emilia Street,Garages,0.657983066494005,0.545443004684749,0.137791558056679,0.534231200885853,0.95761195548652,0.625605166229982,0.556666748881904
Emmett Internet,Hall Stars,0.655913600468701,0.335742134633005,0.833376380995287,1.02865254055987,0.878417968059684,0.786717796069148,0.994876506615045
Emmett Tabby,Spies,0.3221173400339,0.31005783267943,0.213863216350981,0.487244966142304,0.788661013122372,0.00451948488348153,0.484865153124181
Engine Eberhardt,Lift,0.000718696071143388,0.354627214662229,0.0592722308499558,0.824409905311793,0.693455049653427,0.356511656383519,0.164137582685227
England Voorhees,Magic,0.512206336982903,0.460821056763078,0.930219410988745,0.0543222182747425,0.313378235615374,0.378947862925458,0.900949224003349
Enid Marlow,Worms,0.001,0.467810848907927,1.04845242340558,0.95000757227259,1.02616655219585,0.790947208563573,0.588608270250403
Ephraim Ladd,Worms,0.167770271443998,0.931065922300376,0.703403223297723,0.342244268455396,0.898294427490557,0.824475650924628,0.302926648666492
Erickson Fischer,Millennials,0.836505506755868,0.762894027336025,0.983301920451283,0.535552584532158,0.389704538445968,0.433375460388782,0.70333525457247
Erickson Sato,Wild Wings,0.468739689032175,0.555469077997192,0.696795431302353,0.268607791777776,0.527023508703121,0.307148515067585,0.862006504382627
Erin Beanbag,Millennials,0.781988867716917,0.208273478741505,0.850328984804272,0.0147739570639922,0.416867195443214,0.717768607791405,0.169887691118412
Erin Jesaulenko,Georgias,0.2630417676644,0.895911186514631,0.731316670719566,0.717219737091054,0.445072914332843,0.38476323383424,0.764638995216455
Eris Street,Tigers,0.70340593058968,0.0340531483004241,0.306208749619541,0.404925719596707,0.423744352164029,0.882887982646515,0.797237200208155
Esme Ramsey,Shoe Thieves,0.001,1.15618867400891,1.02530606410606,0.676128096421892,0.256823812908614,1.06676209357861,0.967168003232261
Eugenia Bickle,Sunbeams,0.00355915250094172,1.01558757391064,0.157758111375755,0.501088790130682,1.14791331045091,0.729523687456672,0.510936582840141
Eugenia Garbage,Moist Talkers,0.001,0.412141236987078,0.838232673019175,0.378381818831201,1.24234053733296,1.10471787422119,1.18430733563561
Evelton McBlase,Fridays,0.329919201286987,0.452752299262041,0.544016908514067,0.527574112860634,0.515738102884219,1.135978020359,0.841651484649836
Evelton McBlase II,Mechanics,0.624328740530493,0.157110908545912,0.227160379935067,0.228002369986283,0.193560119902811,0.772101771088886,0.494233111535709
Famous Meng,Wild Wings,0.829724075776282,0.880270056912423,0.159801315322136,0.974926136502258,0.367748826395212,0.805107699662709,0.278674249194324
Famous Owens,Tigers,0.232390103020322,0.361855808840513,0.786098261443948,0.532974376311142,0.748830315867878,0.587471502556987,0.0543439856400256
Farrell Seagull,Worms,0.001,1.02131562529463,0.49082424377747,0.291011925236164,0.872406364548649,0.769459971037929,1.08252018201454
Felix Garbage,Millennials,0.01,0.252302840401691,1.11681092596058,0.602461804571723,0.690352797210054,0.625077119051311,0.974070566145373
Fenry Marlow,Fridays,0.138733018560114,0.464005985861684,0.738279377325916,0.467531411688004,0.500977250398575,0.899017297695478,0.721051866371465
Fenry Wobin,Tigers,0.17242362200238,0.983520360999631,0.125265403383466,0.128753659844812,0.526301488147066,0.447496711438654,0.43587222616092
Finn James,Crabs,0.926332166229461,0.839614520477131,0.263710280740796,0.976337147938954,0.432190590366191,0.981995998467076,0.737465097544749
Fish Summer,Moist Talkers,0.001,0.870999389441883,1.10070557406771,0.844780308983469,1.00681434996194,1.19230744074135,0.7633142292007
Fitzgerald Blackburn,Lovers,0.421207226434841,0.993876299431261,1.55482697211486,0.855189511642945,0.819048842598901,1.47333637744062,0.971062385410354
Fitzgerald Wanderlust,Shoe Thieves,0.182528472239973,0.354963122731637,0.732975083374841,0.322488330303445,0.951396571391755,0.391718415005983,0.34249365606764
Flattery McKinley,Georgias,0.649638728962449,0.736255047460581,0.929875751613907,0.921127763446391,0.473453106143267,0.644128788910216,0.393188933529751
Fletcher Peck,Millennials,0.731552464869229,0.894633395726495,0.498277321802044,0.122037592206181,0.727366632657098,0.81029980400719,0.543519771318441
Fletcher Yamamoto,Lovers,0.719346627425302,0.644365533720986,0.112799286160836,0.858964936292418,0.290856470344552,0.723946666150295,0.693511018446593
Forrest Best,Crabs,0.474169780617915,0.586651979776835,0.86617948256419,1.41839632673725,0.71080102243466,0.973744832132243,1.02600875234771
Foxy Pebble,Mechanics,0.235112421689072,0.796555882778343,0.765626055056052,0.0359648498124328,0.837344859551862,0.710285246754142,0.168849049497204
Fran Beans,Wild Wings,0.743871769424194,0.410426159024865,0.907654151000728,0.517198435502239,0.80369731068987,0.80641515858237,0.240891993722219
Francisca Burton,Sunbeams,0.870555940684186,0.883915109241893,0.65178017276462,0.997286049586045,0.107565442031623,0.0969966916713143,0.0437373018675125
Francisca Sasquatch,Dale,0.145847220783797,0.407664256081154,0.582140991236953,0.854700411569329,1.32829528049233,1.25358361142964,1.14651096425311
Francisco Object,Flowers,0.427987151411407,0.584316854604897,0.283035354468126,0.331304018009082,0.493744523125012,0.858472929576653,0.584523549221539
Francisco Preston,Magic,0.552722489607657,0.758118840589223,0.960165909905406,0.742674258024586,0.854591173040301,0.259283356463292,0.242712098310043
Frankie Hambone,Georgias,0.001,0.313386226897944,0.7814323542623,0.397105836469394,0.726481753054741,0.599597825936775,0.854695583388535
Frazier Tosser,Lovers,0.708851143931969,0.325695659730344,0.644339157441245,0.445091548554712,0.421092642396179,0.953166745843417,0.0834073102431905
Freemium Fairwood,Garages,0.291866288225364,0.0505281095081245,0.50543800298921,0.166233378937307,0.796694407425282,0.432797915742545,0.914335630596175
Freemium Seraph,Lift,0.815460289903468,0.0461500496644693,0.29233011326413,0.172808578811487,0.980642228527138,0.311859214287897,0.0124550938735002
Fynn Doyle,Millennials,0.344501505392528,0.318088898059664,0.539259731646191,1.17818667711672,0.453622724215819,0.704510070936426,0.537876887818487
Gabriel Griffith,Lovers,0.001,0.945361764931732,1.20375992626929,1.10611304099868,0.926297038306025,0.550410887177388,1.45648590877682
Gallup Crueller,Steaks,0.343081643647611,0.261573845391495,0.192013525605376,0.052160679615693,0.256835762574974,0.181659037275136,0.790245656393369
Gallup Murphy,Shoe Thieves,0.515906994955701,0.0473376534871819,0.100357108943725,0.0866259352811072,0.405359913186075,0.903111273912833,0.188190449305887
Garcia Soto,Millennials,0.357697153020406,0.391228145341433,0.653257211384563,0.811123138631956,0.408183131190344,0.0645981453090305,0.765487549330001
Garcia Tabby,Fridays,0.346816707432442,0.357890891964729,0.39863093713979,0.638046243911057,0.405148633691066,0.401915774846051,0.335371242805827
Geraldine Frost,Georgias,0.501426228586103,0.960816397022755,0.762686117475007,0.254481505811828,0.29162257672618,0.83793494595815,1.00355326135781
Gerund Pantheocide,Lift,0.270359568081487,0.575665660696574,1.03478570139931,0.893385781072176,1.30036748872525,0.289087107360764,0.571866544778881
Gia Holbrook,Mechanics,0.46102936133863,0.455557074529328,0.256899097137476,0.63077814324418,0.902632639204736,0.777433760684556,0.426518256531227
Gita Biscuits,Georgias,0.660264980115785,0.684550964358516,0.958874027674858,0.267012610152299,0.0494743933843222,0.824761300577229,0.632908888048525
Gita Sparrow,Firefighters,0.796527954386927,0.159075867174151,0.317570439532598,0.373497623209568,0.578264523427702,0.698552268849792,0.814498101350106
Glabe Moon,Flowers,0.001,0.575790355205695,0.890601575434519,1.01069056603619,0.540462273937923,0.675689306942201,0.896762419260157
Gloria Bentley,Dale,0.497688857711601,0.0545069226562604,0.284469621863062,0.546902750223759,0.37662706796362,0.898838053201653,0.445210862446018
Gloria Bugsnax,Flowers,0.0785366375274504,0.924532828282207,0.792612561315599,0.344521496263867,0.357324387554777,0.753895666508466,0.364039011967164
Goobie Ballson,Firefighters,0.457990653600014,0.440134030987082,0.634407308330523,0.847116475038679,0.914244376238605,0.957261603756808,0.804752697505457
Goodwin Morin,Lift,0.001,1.72413046329773,1.05499863135011,1.80418503036581,1.01120457180131,1.04064653615031,1.1469779152115
Greer Gwiffin,Fridays,0.380293285298051,0.845534657931766,0.829225050476873,0.118150732758851,0.733085260690508,0.332626063506381,0.506761293667996
Greer Lott,Moist Talkers,0.481252749719924,0.543877720322473,1.07097165159111,0.473328333323774,0.952910341797444,0.96309082452833,1.13859385936821
Grey Alvarado,Breath Mints,0.654978497982213,1.01705055544611,0.739213557253723,0.88851093894346,0.461024705485722,0.395372692460562,0.508396128090066
Grit Freeman,Spies,0.578177015517185,0.470759539283509,0.290404131134994,0.531922904295006,0.344615968248125,0.304459252333724,0.44605325909325
Grit Ramos,Wild Wings,0.894573499533498,0.54624689624031,0.268183223228561,0.795097830229894,0.132754995678962,0.760381331727348,0.0642097084246709
Grit Watson,Firefighters,0.63104439872151,0.541312467767686,0.508845706952725,0.205647854348288,0.14003963159285,0.180126754199517,0.778904458316454
Grollis Zephyr,Lift,0.736151032528345,0.544812206328749,1.04179585981792,0.357338521026729,0.893970361809279,0.245414345181532,0.755170856619031
Gunther O'Brian,Shoe Thieves,0.01,0.698587376307082,0.557293835450365,0.32690345964804,1.12990369631398,0.484470984240209,0.27732951558456
Hahn Fox,Sunbeams,0.553771984382596,0.509341310670346,1.07106570269315,0.75677360171096,0.989348075226057,0.486523306647551,0.707895069090168
Halexandrey Walton,Tacos,0.161,1.14151506594843,0.841340700049749,0.698489585218539,0.519872759790469,1.11204583817119,0.875558464854775
Harriet Gildehaus,Sunbeams,0.596644636255548,0.274574453082584,0.398807762921942,0.0259297075418019,0.866219372948279,0.76463954040402,0.297935074022202
Haruta Byrd,Pies,0.832203137484949,0.585920501360473,0.917077157451258,0.85301049304992,0.721432688759575,0.124161251174266,0.169263241056709
Hatfield Suzuki,Millennials,0.486944011255283,0.933457232417744,0.379037652951937,0.437641262991001,0.774647679671925,0.0355694320643307,0.613315600481839
Helga Burton,Lovers,0.819279059865631,0.799105228097736,0.701312694187642,0.440947102994884,0.406338081763024,0.552088950423315,0.798528643401925
Helga Moreno,Lovers,0.303759727232973,0.571300601510205,0.603642632509439,0.430450894988979,0.818319465701119,1.2392588130708,0.867105086102666
Helga Washington,Breath Mints,0.129628669997182,0.409990862474121,0.904578144619309,0.554309747224051,1.0110568352611,0.607365473115679,0.337244721396917
Hendricks Lenny,Breath Mints,0.0650833611990829,0.68732751032093,0.0720814471463817,0.130792376001793,0.409435287744601,0.256539876494612,0.916897098056885
Hendricks Richardson,Sunbeams,0.233768902590395,0.577277991421673,0.396674320221189,0.606418549966393,0.728794503275533,0.251637063712908,0.994277731565638
Henry Marshallow,Pies,0.488667325525944,0.994498813413189,1.10123589365302,0.543839200678915,0.347399835058719,1.04865944049048,0.825041608904538
Hercules Alighieri,Georgias,0.294085351199261,0.99189675691808,0.360062114936148,0.980991552077908,1.10925704280339,0.396941859106614,1.05606315506227
Hercules Lincecum,Crabs,0.623187276650198,0.516764674378473,0.0552535782791614,0.342094405548005,0.0691980597669311,0.13721298204163,0.0369640812283949
Hernando Winter,Jazz Hands,0.624231534241288,0.414516462758659,0.720199928588113,0.514829912006976,0.20187191113423,0.917550678777503,0.666131448025721
Herring Winfield,Shoe Thieves,0.0213112209072384,0.440882945967749,0.0555244819599549,0.766104110179867,0.717603007747187,0.432671079280039,0.837521716476707
Hewitt Best,Breath Mints,0.466566640493425,1.10692995534281,0.64772600151447,0.8891169423325,0.679957829613501,1.01040732324607,0.777046299180152
Hierophantic Foible,Breath Mints,0.762887821207916,0.786180450528339,0.755996751620598,0.458195844320532,0.34574391633753,0.940144962187794,0.787877444324319
Hiroto Cerna,Flowers,0.001,0.548480160244205,1.25934749310789,1.33698318285067,0.741791428832785,0.630007879806512,1.16251173744263
Hiroto Wilcox,Tigers,0.260210539081773,0.238733525297596,0.0618441821929744,0.939296755709501,0.257812894767474,0.562332590739122,0.234180355509073
Holden Stanton,Steaks,0.419966615708353,0.362185775179731,0.964203433319864,0.374074798816983,0.393925000330386,1.04630382694292,0.259928981836012
Hops Slumps,Fridays,0.830790215098821,0.213029489814659,0.0637416800580772,0.70764834617174,0.81748768354677,0.47008515606543,0.417967463011822
Howell Franklin,Shoe Thieves,0.001,1.20348625196837,1.26234465791995,1.63688862039979,1.03169120156095,1.33540573268134,1.12394436687714
Howell Rocha,Jazz Hands,0.986380719442041,0.609496378362393,0.355117810501743,0.593236841815792,0.866277102364966,0.116735513670347,0.868363085402048
Huber Frumple,Pies,0.345579789079508,1.19739023086682,1.16981757818324,0.877497012677758,0.423284102623939,1.06388989244191,0.644356901664367
Igneus Delacruz,Sunbeams,0.05,0.64511666624578,0.276920697194504,0.187480994899227,1.0239850983983,0.686405339263506,0.943324056055715
Igneus Mcdaniel,Wild Wings,0.926312150919133,0.480711162485352,0.496439299016076,0.0908011287246666,0.659267300201972,0.376621795101991,0.842651100483795
Inez Owens,Flowers,0.0291433466808086,0.341871489022167,0.61732761521244,0.760111392150667,0.538729446765976,1.00991937847306,0.899018053451207
Inky Rutledge,Magic,0.717240628048896,0.426630331765121,0.245019081729118,0.334528610614296,0.44370222073957,0.275916771116985,0.513413389416473
Irnee Fiesta,Firefighters,0.0385970897337693,0.426975244503255,0.596519846295664,0.290113180757715,0.82170821623345,0.972221342510198,0.835795997810425
Isaac Johnson,Firefighters,0.16101376072561,0.344049107175269,0.518107568133711,0.812624832632137,0.662501755709633,0.399199781648523,0.367248267998692
Itsuki Weeks,Steaks,0.73829993175464,0.891430416168713,0.82070621589953,0.851010076684966,0.548247845084936,0.113940534156342,0.509297385901535
Itsuki Winner,Fridays,0.22889193708902,0.44695844716445,0.933936005799044,0.390623576452817,0.290242273025728,0.641809433686931,0.68275253736042
Izuki Clark,Steaks,0.0329197597447428,0.585393788712334,0.117732889785118,0.890409160431767,0.517011450681717,0.781942026547033,0.343415804575181
Jacob Haynes,Flowers,0.001,1.21900765707511,0.942263444069543,1.1019134679672,1.26381462838018,0.823723672076639,0.396483436436917
Jacobus Harper,Millennials,0.490695815976918,0.112145202364919,0.463993427310768,0.826751318687499,0.576422200897219,0.650336388629297,0.622696718017785
Jacob Winner,Fridays,0.639707181549972,0.973057828987804,0.969119290892719,0.849708746312827,0.47283655839514,1.13888652421383,0.960607803053059
Jacoby Podcast,Crabs,0.825570676312839,0.42033647388022,0.851848467735948,0.808292448239729,0.431655824532372,0.864242762581541,0.778574717981344
Jake Swinger,Millennials,0.454351679134376,0.955512866877499,0.170188332224231,0.49464209455932,0.920000579672556,0.636897404669136,0.0594266519770841
James Boy,Breath Mints,0.469616885601094,0.199786631674125,0.300504856958919,0.0878440877252815,0.386671275678825,0.348821087811105,0.0788229140208463
James Mora,Magic,0.001,0.893290021868289,0.73090742988931,1.20022442671788,1.40689530850802,1.25567452600329,1.26976843384773
Jana Beats,Lift,0.272615738126341,0.930711363475659,0.226469360466203,0.952697174786191,0.405844856011496,0.682135235769027,0.264414681371423
Jan Canberra,Georgias,0.001,0.805760315697274,0.364071462751027,0.882640672120069,0.465165565244941,0.345828595028396,0.330438545394179
Jasmine Washington,Dale,0.40655467501518,0.56795109607682,1.02054621315121,0.590879060288557,0.387007398950716,0.768764911930716,1.3112517820474
Jasper Blather,Wild Wings,0.438507423407732,0.241865160219523,0.962151639445821,0.554004776327607,0.488874574745347,0.239201097137957,0.896064256946741
Jasper Destiny,Flowers,0.209069245475874,0.639807807641666,0.360916805191142,0.594076920174146,0.401377607355055,0.412237020254739,0.225426055427715
Jasper Ji-Eun,Mechanics,0.930551210127935,0.159911043441687,0.243834118311588,0.512503932098254,0.763221660240746,0.601717467889094,0.439233969832859
Javier Howe,Crabs,0.601317346197181,0.809083297985088,0.329435393243191,0.302941899266681,0.982330506228258,0.673808392189416,0.228583120101397
Javier Lotus,Pies,0.205026589449512,0.942211291310502,0.386700438142657,0.901328022342863,0.938964393139206,0.815592051504132,0.884525711626953
Jaxon Buckley,Pies,0.001,1.85260610184959,0.987448741972622,1.67609192367958,1.49326860433615,1.32709895414233,1.93264014890453
Jayden Wright,Sunbeams,0.183571382434132,0.979042720242403,0.293467697879495,0.233804528763329,0.796565366819505,0.691663818530276,0.719579590894852
Jaylen Hotdogfingers,Garages,0.672323125758285,0.29956427088317,0.224287483521371,0.332366970190557,0.890758419842071,0.813973915256594,0.789012536827178
Jëff DeShields,Georgias,0.680200796050869,0.667328689512182,0.706731416781099,0.797576167663753,0.809247061590869,0.935932225353328,0.658897703939286
Jefferson Delacruz,Pies,0.503675074938878,0.5377695809309,0.643757145726643,0.90398619047066,0.479939686057031,0.671688532646942,0.434424413609372
Jenkins Good,Moist Talkers,0.186279959266531,0.499129235141946,0.653073403753181,0.0269481030875793,0.216138364835767,0.211532065068761,0.384381567682518
Jenkins Ingram,Flowers,0.212322627159596,0.899402118548227,0.702212814997557,0.798617792099452,0.360912457518839,0.965520745617728,0.402454364229133
Jessica Telephone,Breath Mints,0.215901989525725,0.982474639186574,1.21645549506619,1.32629419241237,1.11328206210171,0.919038655892952,1.57439618679341
Jesús Koch,Moist Talkers,0.570119660887764,0.621675081440521,0.427453913786146,0.740968308978711,0.865540786060114,1.26132756704293,0.873754169938516
Jesús Rodriguez,Pies,0.095866929164705,0.316137643494071,0.121650042784447,0.0680721246883125,0.790560043377481,0.912988886408525,0.757939499024787
Jode Crutch,Dale,0.301022088900975,0.740383268083774,0.381178904076896,0.378925173129358,0.732094495663157,0.586429801854369,0.625755887344806
Jode Preston,Pies,0.0461820982544048,0.18402488982247,0.944763453211683,0.570217960170773,0.938336420179745,0.130957401492155,0.837759627665334
Joe Voorhees,Sunbeams,0.371517181024099,0.118163205671209,0.657038565719862,0.01,0.01,0.215355083406534,0.200451587638519
Johndan McGhee,Lovers,0.565994913810496,0.428480725109798,0.795324035519963,0.176719253460026,0.214987335494496,0.271656271222005,0.123950525810618
Jolene Willowtree,Mechanics,0.880997956893725,0.0537798904362003,0.750765696019988,0.72858546227071,0.326330639363802,0.379889145469898,0.675326033540508
Jordan Boone,Breath Mints,0.554716128999439,0.116511685958901,0.500068408729377,1.02622077563915,0.980252228535257,0.514745528333164,0.870054288605271
Jordan Hildebert,Spies,0.549822705638075,0.477983502660029,1.12807932744576,0.664217425754613,0.954403780350668,0.339198990006648,0.576317187147639
Jorge Owens,Shoe Thieves,0.176134692203768,0.118264963557122,0.187656601925483,0.238011155723412,0.34406937178061,0.81401504474014,0.51841791085024
José Mitchell,Steaks,0.388589934096438,0.571286210498021,0.266928313676338,0.523688711449071,0.166565341204567,0.0930496392406657,0.343076758915497
Joshua Watson,Breath Mints,0.001,1.24289353512983,0.37678872462101,1.1369660928891,0.703322183327043,0.886440057888845,0.700437348368676
Joyner Rugrat,Crabs,0.0800154835692679,0.289030104870255,0.908297662777777,0.478284699397359,0.668691034023862,0.850891198903005,0.577412468485566
Juan Murphy,Magic,0.362035944661454,1.01884235214524,0.705230158828282,0.108391822954386,0.331866656458811,0.50584104985716,0.437191632988902
Juice Collins,Fridays,0.44715297126441,0.372811113948599,0.267498985763039,0.975872603048534,0.623343392588151,0.600767308256896,0.275536894775377
Justice Spoon,Firefighters,0.21,0.207151335701854,0.884218815285499,0.369141523660007,0.813718494154941,0.747511964651666,0.220581586858884
Justice Valenzuela,Breath Mints,0.290906096869147,0.361407672545193,0.313909538321179,0.440542900383358,0.840416694981451,0.311910592262473,0.637628552467319
Justin Alstott,Tacos,0.314595444300739,0.856375161239058,0.451085554038184,0.998722117359906,0.294496137230745,0.560766950561009,0.971745419264349
Kaj Murphy,Mechanics,0.282628101673121,0.0313338088696165,0.451540153713249,0.37909830853817,0.137191073021249,0.0863998230936307,0.827119974122533
Kaj Statter Jr.,Sunbeams,0.765785170351393,0.402215148084429,0.241337837265693,0.916483963987679,0.85909864869235,1.0248857101993,0.150596191129225
Karato Bean,Spies,0.157355057918744,0.662633426891446,0.318139084395865,0.629140203837134,0.0919750645109252,0.571415461387762,0.729528804430039
Karato Rangel,Lovers,0.888022721698239,0.422453967185833,0.112394617170982,0.494001395343374,0.0727441476113007,0.305268624342361,0.918237164064981
Kathy Mathews,Jazz Hands,0.41932193162077,0.734574292223119,0.31938608573078,0.401103989793567,0.752733694992576,0.326581904120991,0.991349399814997
Kaz Fiasco,Worms,0.001,0.372969950234635,0.824598480924083,1.1941497483288,0.668529336431163,0.953216393486498,0.895795473797159
Kelvin Andante,Mechanics,0.853539536107732,0.329801355759081,0.791481029214571,0.518208039157541,0.53521673053761,0.334025269218445,0.00642660855910315
Kelvin Drumsolo,Mechanics,0.401788470908811,0.22732379175834,0.534517384321064,0.082866508428437,0.48634819027546,0.74416837721366,0.244020327122111
Kennedy Cena,Dale,0.754324501727741,0.208647863140092,0.163678984522331,0.844354847245001,0.05451401504933,0.796989230863013,0.82467801923923
Kennedy Loser,Crabs,0.01,0.489884534210579,1.11756136969262,0.375510991253041,0.616953529053777,0.378971560899295,0.747395732289391
Kennedy Meh,Wild Wings,0.724165004743151,0.01,0.568583415318241,0.01,0.01,0.108625158244679,0.144892168179334
Kennedy Rodgers,Firefighters,0.922815527066779,0.270584390947449,0.743277525525571,0.534870024776987,0.394211177875633,0.0930830706900685,0.586742113378684
Kevin Dudley,Tacos,0.224675783663543,0.393014893710974,0.31282031203721,0.662406896524937,0.339911078354452,0.360672461796546,0.116300811949119
Kichiro Guerra,Lovers,0.637899322262264,0.660006656906622,0.531924292997593,0.885694876452975,0.238606499854965,0.840663270867148,0.816318105519818
Kiki Familia,Hall Stars,0.339910346701756,0.111403364393698,0.184232746749576,0.873019943158769,0.331664931336184,0.992651994522629,0.382524723812909
Kiki Junior Jr,Flowers,0.0299031538251915,0.71058379396775,0.827541122189071,0.00638692433821597,0.460019752087666,0.281646049633984,0.137006836726016
Kina Larsen,Breath Mints,0.0316744510916867,0.699246985503805,0.351817194150929,0.618182143696485,0.729780290911032,1.02336676629897,0.462798589558474
King Roland,Lovers,0.345378690155299,0.0251810627812297,0.832156057014639,0.984792731413791,0.150383987089505,0.5008464028487,0.424364323237531
King Weatherman,Magic,0.265338054188952,1.35830115973773,0.710524669859297,0.407663989031003,0.403366453788035,1.24375191552877,0.555476566342225
Kirkland Sobremesa,Magic,0.692568330268112,0.25917379020997,0.251362264617055,1.00462963848604,0.28605099942867,0.150545551019611,0.0766827569757995
Kit Adamses,Steaks,0.534913849129295,0.664398101943454,0.586403983367081,0.0955101621659879,1.01875646391723,0.316484706787274,0.511160638657155
Kit Honey,Lift,0.486487265314341,0.709178480853207,0.439556008811235,0.981286912341563,0.782338733584443,0.13237925169991,0.578892982650739
Kit Ratoon,Worms,0.856730556056538,0.184427745192441,0.182105742519855,0.242482572669401,0.695010331151859,0.0866249741167777,0.535018019323949
Kline Greenlemon,Steaks,0.525831207178349,0.758386034058393,0.552129837779658,0.721863175863854,0.699211722813524,0.677468318567516,1.10055563935181
Kline Nightmare,Wild Wings,0.482388968941926,0.244986880926178,0.293964661219277,0.777276480129535,0.230359706718322,0.235667169942995,0.951777821148512
Knight Triumphant,Lovers,0.168634605373423,1.16796288238064,0.882188767813806,1.32613889403309,1.27545697979451,0.710727943976031,1.11844613002687
Kofi Gildehaus,Mechanics,0.757890255516446,0.0538500653040097,0.132409196776001,0.630187219706234,0.956164100663677,0.0195680141126984,0.812484251447372
Kurt Crueller,Magic,0.176618665278119,0.0552657748398249,0.14839779249903,0.716156317180441,0.762002601951993,0.555155882841257,0.973014312737978
Kurt Ultrabass,Georgias,0.797102903394866,0.542037725354136,0.95024673702293,0.959440654195524,0.0969787299496347,0.982246370475735,0.476765786771945
Lachlan Shelton,Moist Talkers,0.393249371216629,0.366402005420434,0.691613586917801,1.09124588871902,0.477421416026677,0.988588870478997,1.27377750995743
Lady Matsuyama,Mechanics,0.321624417794354,0.757953565201632,0.998297634917011,0.965106553484865,0.5988138933666,0.175481292652977,0.530884995836759
Lance Serotonin,Lift,0.609835527025942,0.298759826549348,1.14092648673329,0.687202426828088,0.816505251712042,0.645435500996054,0.490864437843059
Landry Violence,Hall Stars,0.108825420924322,0.598898487164637,0.978559340719863,0.16678968508722,0.832408253252451,0.190269471082229,0.715939855231824
Lang Richardson,Pies,0.205246097870054,0.941821087537483,0.400620665407084,0.622843280473132,0.812721813498598,0.551015347664604,0.498400425946109
Lars Taylor,Sunbeams,0.22478305166706,0.260259063833086,1.09047630410906,0.861572266756041,0.210319856853335,0.78068352524066,0.853023479447486
Leach Herman,Steaks,0.001,0.595132794292621,0.849371172987172,1.29722058999203,0.524150646902016,0.654361074948976,0.77844627119064
Leach Ingram,Breath Mints,0.001,1.16270422661539,0.999926143131557,1.03421387861644,0.352235845320144,1.11306681309475,0.33272558160829
Lee Mist,Dale,0.783996494667885,0.98492983433339,0.435514075942228,0.889360122827998,0.311867735242701,0.346761161395358,0.351569075015176
Lenix Ren,Tigers,0.0867032329925967,0.141100530749058,0.154521228059264,0.369754238624704,0.00426084699394003,0.927624422072706,0.958684217510875
Lenny Crumb,Worms,0.275972281821531,0.352845141871486,0.466259276153903,0.701231720540853,0.949811138041205,0.648418615295108,0.459145349472697
Lenny Marijuana,Garages,0.949752402436503,0.0414699332113115,0.552765888314605,0.903340146118082,0.864446051025141,0.334527403931428,0.505402394354755
Lenny Spruce,Flowers,0.365036687718967,0.754431336770951,1.05444126455213,0.36970133617346,0.865835960805694,0.901371549292675,1.20206444998068
Leticia Lozano,Fridays,0.103666011122191,0.829302060729507,0.144335833636863,1.00801425099419,0.704922651793349,0.159106160904016,0.897205159298747
Leticia Snyder,Garages,0.862641665518597,0.173837563582992,0.226445241224479,0.140238310498576,0.288247217456343,0.305036508081892,0.147968097977271
Liam Petty,Sunbeams,0.984242576332629,0.798556863834286,0.894087660334155,0.223680862138106,0.808577351485779,0.0727032200242708,0.502003423156001
Liam Snail,Dale,0.765942173732872,0.0904600919620153,0.496451595895135,0.118715460577745,0.734528610658161,0.268380954287036,0.497596137531366
Linus Haley,Tacos,0.220412124842946,0.851013984588177,0.928024070981357,0.23470545204193,0.0670866817089635,0.137294072361241,0.265760293169198
Liquid Friend,Lovers,0.347097520320811,0.952235708547916,0.301550873115141,0.678601418840692,0.779530357255042,0.456044022973968,0.422957680409688
Lizzy Pasta,Fridays,0.559984483169085,0.240022367124973,0.653337730953185,0.743731476502249,0.505520832167332,0.708284288291461,0.604764254463664
Logan Horseman,Crabs,0.417793088347809,1.15216081884904,0.833594913088364,0.491690650660848,1.29558235861519,0.672432193232111,0.990139687005187
Logan Rodriguez,Magic,0.001,0.374017554671427,0.281022336523732,0.421821029647762,0.310275243779893,0.63768210836266,1.10646150191065
London Simmons,Moist Talkers,0.702220776226053,0.899567050631382,0.62413896827621,0.204807478794735,0.660889176465021,0.229550347706551,0.513448704877268
Lori Boston,Garages,0.99,0.262520416224282,0.450798984981136,0.3984847470711,0.783622016100836,0.702829141308916,0.903914648492774
Lotus Clutch,Sunbeams,0.98617620766031,0.553436241179144,0.234993533675958,0.373565069466814,0.0759472944124508,0.853527006385901,0.73897595134078
Lotus Mango,Garages,0.173831548001225,0.67106809283223,0.985580498547207,0.495367608251639,0.772953040396917,0.495891299973622,0.260887538273309
Loubert Ji-Eun,Worms,0.001,0.245868586302393,0.618055725020488,1.08509091503351,1.06659218058415,0.287467133758923,0.48349283956264
Lou Roseheart,Firefighters,0.112244188185739,0.945831022312557,0.405447253179668,1.29155142252058,0.738522378462183,0.569927822490401,1.25724291399682
Lowe Forbes,Jazz Hands,0.806326060184812,1.04833721537085,0.433508675482697,0.928571586214206,0.201652945456803,0.429861414355931,0.17380716395156
Lucas Petty,Breath Mints,0.44390320400215,0.254409263151204,0.925158029776886,0.690840566021362,0.104367216665687,0.436311359476702,0.895306568423434
Lucy Tokkan,Pies,0.787549163173818,0.626837823689824,0.373344854503679,0.640232367466165,0.367051669874234,0.222460546781004,0.998386301626988
Luis Acevedo,Crabs,0.674579595172735,0.849225007073718,0.177469803675931,0.211114851757572,0.310378888940614,0.686832590411299,0.574165170292735
Magi Ruiz,Garages,0.509247303451211,0.368969742705151,0.13848246345946,0.632305724942257,0.393907102832797,0.91296753763332,0.443550667110379
Magi Uppercutski,Georgias,0.713026752579947,0.128695193869169,0.531928664498318,0.833560882940643,0.641474862882058,0.297786615715002,0.638753294642051
Mags Banananana,Millennials,0.276258491778446,0.165707923357298,0.0399473212503634,0.489105625726096,0.294810913147009,0.450603161393258,0.469685473295905
Malik Destiny,Garages,0.192654649505949,0.984580763869644,0.899258290648298,0.511266421924806,0.31356833262582,0.745126195377671,0.556131868589504
Malik Romayne,Spies,0.810101181662132,0.637176443324875,0.752578368980918,0.239382770223113,0.784073962358529,0.872996484923891,0.472324303721006
Marco Escobar,Spies,0.784155465022935,0.334946109589287,0.736214606689284,0.473397220605424,0.898878049724245,0.238419898076287,0.35032426078358
Marco Stink,Breath Mints,0.365843933356968,0.572470996663611,1.38759895788999,1.06010999437258,0.458393403928915,0.609390733289901,0.405464882242099
Marco Winner,Jazz Hands,0.945513258445583,0.747941984033828,0.615487381436519,0.480093639370916,0.491313489927026,0.487003201746541,0.123538445839586
Margarito Bishop,Jazz Hands,0.552123635390827,0.877100718521042,0.0324935296687354,0.233086326834702,0.576077114143419,0.340119347875133,0.700935052327775
Margarito Nava,Flowers,0.482716061310807,1.44462810771777,1.2844943629396,1.2844541027552,0.828339626763445,0.826622919976295,1.17133171628926
Marquez Clark,Breath Mints,0.18,0.768857406784785,0.0837819759501916,0.709088720144127,0.185408781407414,0.822209464347498,0.766536111389922
Matheo Tanaka,Crabs,0.303097426409669,0.486555771562421,0.932010490802384,0.867078460720718,0.229824851296147,0.273132423643531,0.580715958686768
Math Velazquez,Spies,0.395484038321287,1.14634298812571,1.06763870431519,0.709586379095319,1.02766722213053,0.682862504634317,0.622833994856411
Matteo Cash,Wild Wings,0.538123590055722,0.516464526347093,0.81543705880392,0.512654285779907,0.5047351307075,0.46059530930995,0.917892451453383
Matteo Triumphant,Tigers,0.0557878889381165,0.700094253337532,0.844856224983016,0.426765206359664,0.857403414683856,0.0757407473500826,0.0769715350983056
Mayra Buckley,Fridays,0.247544226316489,0.449643385129739,0.938764925337038,0.124558907665801,0.259503745918258,0.56059743015402,0.247366599447688
McBaseball Clembons,Tacos,0.132813042245705,0.364007454340315,0.48403188470015,0.834463590452972,0.606558154396003,0.697162660723433,0.147144470336279
Mcdowell Karim,Garages,0.869852163439866,0.117135841990787,0.242487949162961,0.193710812586149,0.477615572417693,0.236555794121539,0.152813717502663
Mcdowell Mason,Tacos,0.001,0.905926275895454,1.33694850193941,1.12880571999461,0.644407611093226,0.797260230627112,1.46900109490417
Mcfarland Vargas,Pies,0.984278732704073,0.175365653186533,0.776149865087373,0.307713823660626,0.117083645908177,0.551342513462199,0.417832210236757
Mckinney Vaughan,Fridays,0.631999767121445,0.36156410104983,0.918437173191671,0.783293689002915,0.63213928879977,0.919009301654611,0.303938570573528
Melton Campbell,Fridays,0.201335141376216,0.680111141272081,0.612600324420678,0.527281348342152,0.581936907483265,0.435974285489487,0.68259544243716
Melton Telephone,Magic,0.597638953396842,0.231234552639987,0.0731093975272288,0.5881355944392,0.962839339995061,0.70074579278576,0.0309544079362034
Miah Jesaulenko,Georgias,0.578301854350471,0.239792475335429,0.673591048332202,0.717415708458662,0.815071119226852,0.900269242867602,0.107553977994265
Michelle Sportsman,Tacos,0.772733760694377,0.0497805187661298,0.799510918149088,0.570864954131148,0.43379979540944,0.213517234364066,0.114089061342716
Miguel James,Sunbeams,0.464212036844538,0.6021440312065,1.04597902872001,0.244492521809781,0.121094147460949,0.500200313349569,0.192116809320119
Miguel Peterson,Crabs,0.664788196016399,0.905124137214638,0.400454687920975,0.347648841237563,0.902851544018393,0.0359815340023044,0.48677314509101
Mike Townsend,Garages,0.568994121196976,0.787286736723006,0.399321582440176,0.330144045507793,0.590441810042445,0.220852969979177,0.885011282572401
Milo Brown,Lovers,0.820070716305559,0.510460040295329,0.900168523585959,0.949113558115378,0.515696237044198,0.894610497191228,0.953273884490705
Minato Ito,Steaks,0.956896027975617,0.609124308912682,0.599593453958338,0.755372377086033,0.450254139907179,0.0621050868379764,0.613281553703213
Mindy Kugel,Mechanics,0.445287500486945,0.776942444466667,1.02643433336088,0.14537272409303,0.36528752155935,1.02216754371316,0.334051226599461
Mint Shupe,Georgias,0.489058644882876,0.429376936365053,0.814814809958551,0.415433358961863,0.738284080353194,0.602778319952857,0.0574258734188181
Mira Lemma,Mechanics,0.550927319861364,0.436672149791642,0.408940021336251,0.703479342504279,0.843382842114142,0.739618030822892,1.13505493409748
Mohammed Picklestein,Spies,0.90292043135233,0.206762655269981,0.628441613399069,0.789097233700699,0.798597318270842,0.306716011668725,0.15965043590607
Montgomery Bullock,Fridays,0.01,0.933454778823784,0.129025972204005,0.135311050433817,0.0777943512280562,0.634461050401629,0.808533610318197
Moody Rodriguez,Tacos,0.705077434847531,0.987672257019982,0.491570503014487,0.985360084711432,0.750481130097178,0.276919014219777,0.977070925414904
Mooney Doctor,Moist Talkers,0.246889978735369,0.350069667608415,0.305969925328115,0.692586363430107,0.689043431587428,0.686769609754993,0.240929243939245
Mooney Doctor II,Breath Mints,0.001,0.619439243626007,0.556096095089691,0.928269818767136,0.898889300711503,0.957187806283373,0.486686666054911
Mordecai Kingbird,Georgias,0.456842286443185,0.155406793192226,0.723195078091592,0.0860994499548657,0.603267337529785,0.709957819095467,0.968724725523577
Morrow Doyle,Hall Stars,0.421009458198477,0.866731785846044,0.141591054300564,0.678768176389524,0.865354772248308,0.759810271877386,0.754059199907269
Morrow Wilson,Spies,0.943211976635511,0.419827173572007,0.333245850013841,0.309169270390061,0.328468031527299,0.041,0.286284395141937
Moses Mason,Flowers,0.851488619432249,0.617636164100994,0.21829732961031,0.393483157534853,0.172139448277987,0.0594153949067853,0.791666220755838
Mullen Peterson,Wild Wings,0.405560314257867,0.970091994639666,0.502542865288665,0.910448429010076,1.01678408092524,0.382054044660475,0.654249628042816
Mummy Cantburn,Pies,0.916563933367229,0.525890398278085,0.576608544806148,0.94726477901649,0.0955922752728284,0.927159900555661,0.0125530731972607
Mummy Melcon,Tigers,0.760591680311365,0.4135403312299,0.798708020656917,0.366933212624153,0.527216968746517,0.876764651499624,1.06770590520757
Murphy Thibault,Tigers,0.334952419573004,0.805692069502401,0.535688082405613,0.341702945579449,0.0704287679672482,0.145385641577988,0.465050580096736
Muse Scantron,Worms,0.001,0.818487219414874,0.360201306643295,1.1413836395898,0.341485380783354,0.76925844224862,0.292669174047142
Nagomi Mcdaniel,Flowers,0.001,1.4791552630174,1.34568726265765,1.41588435718426,1.19640374417236,0.878101988238965,1.06004230902587
Nagomi Meng,Tigers,0.983903136488039,0.221611935082029,0.111030667643035,0.119837589226297,0.836248876344959,0.284858098125485,0.145779971758425
Nagomi Nava,Sunbeams,0.111803129122249,1.58230941615598,1.65430551646943,0.761977369944576,0.736258165882472,0.917821223713407,0.76946436954633
NaN,Worms,0.788432616445673,0.685631174822077,0.746182354665139,0.238002544662246,0.160281451069762,0.655365029702919,0.275804704775033
Nanci Grackle,Georgias,0.112170355719585,0.400007564577222,0.741897867289723,0.523079916083793,0.726412557547573,0.329867935357184,0.161464661990023
Nandy Fantastic,Millennials,0.0189900175416024,0.412389646623353,0.702064079737274,0.855504708725509,0.436684903094286,0.697126261075649,0.396697410411653
Nandy Slumps,Lift,0.001,0.446509333038186,0.278166218222172,1.1932461139331,0.711353519383524,0.377142018099367,1.08521946327038
Natha Spruce,Moist Talkers,0.511136906300097,0.962242650155246,0.727182982874888,0.379224689291116,0.919630850166441,0.59352546980342,0.282056530524677
Neerie McCloud,Georgias,0.0292806725254379,0.628257173222564,0.42433037909626,0.483859372139161,0.336371649475917,1.01495106959169,0.186175311573671
Nerd James,Lovers,0.438994932553428,0.0564493315493286,0.942299213607293,0.90011454799313,0.281118643718609,0.10147327928005,0.612617390287123
Nerd Pacheco,Pies,0.001,0.486490122781888,1.01867541769304,0.698960120497808,0.937824629224567,0.704458743643935,1.20100066222513
Newton Underbuck,Sunbeams,0.588331767543161,0.99242416252517,0.510845160047961,0.524407384434288,0.715178502443897,0.674771158080403,0.578267057913707
Nicholas Mora,Tigers,0.0270601501636408,0.766807931085628,0.942760743814095,0.34515647608369,1.13155388557867,0.535193500663115,1.01190608014825
Nicholas Nolan,Fridays,0.638375206845866,0.642740667124288,0.963080059537265,0.289862207117595,0.686788825557616,0.598706482240737,0.319431071225321
Nicholas Summer,Spies,0.441674985977106,0.0966001363887254,0.0615094780476628,0.174610642582816,0.942508886126708,0.673717611400633,0.561836145056047
Nicholas Vincent,Tacos,0.387686487211435,0.443590755296647,0.992331242474709,0.881658027807961,0.970353190812548,0.38027504040231,0.253886969285987
Nic Winkler,Flowers,0.001,0.807002532853074,1.07662143967113,0.415615380069027,0.571434689608529,1.14440492626071,0.656715006948913
Niq Nyong'o,Georgias,0.280326164270913,0.790232039513224,0.284713894223853,0.662688027082632,0.834536110233723,0.538805554513309,0.885543926012448
Nolanestophia Patterson,Garages,0.87946536031318,0.416605943371263,0.15624894379818,0.521590790969299,0.642771644152424,0.854526625912649,0.541909804343508
Nolan Violet,Spies,0.104086139643783,0.0677652139817122,0.792339076369096,0.0104665575239991,0.193895994920538,0.425507361488691,0.426476487556168
Nolastname Sokol,Magic,0.688494946984211,0.151519887535187,0.250336498032425,0.782080254943752,0.65176370543706,0.571717013683915,0.464266400119895
Nora Reddick,Millennials,0.847722926437175,0.95312926164792,0.156399202894817,0.638719618107293,0.276596485815574,0.90141971235461,0.535717153096304
Norman Muggins,Worms,0.827894503790881,0.248443816618247,0.736446947897461,0.10302038176815,0.254505547183772,0.712446987537815,0.51303649261278
Nucleus Cresthill,Sunbeams,0.697478451068679,0.542835078816518,0.607517546613801,0.474782754190841,0.6104828153966,0.829688325234655,0.683402021894092
Nucleus Street,Lift,0.0698869515533733,0.829140090224899,0.137812847903911,0.0587288104244972,0.00926193941316478,0.331131015980265,0.730741306975124
Nyx Snapjaw,Worms,0.733229464408474,0.477555391125912,0.336556900901421,0.377211248955935,0.770133409015206,0.209835640423335,0.178400539492637
Oliver Hess,Shoe Thieves,0.582909329623182,0.0885962513238336,0.45502776142887,0.948883745073697,0.171905810635385,0.175894565861825,0.53330258756594
Oliver Loofah,Garages,0.00963622997905289,0.894577144422356,0.904556391147806,0.420535136585739,0.969680994174085,0.338916450325508,0.359806548337264
Oliver Mueller,Garages,0.141107693250253,0.770623132574663,0.413868106410048,0.107053167557732,0.855556323697564,0.418124986600864,0.889694617093071
Oliver Notarobot,Garages,0.513903358538434,0.32975144947143,0.753080595115773,0.503801586449695,0.64113861871162,1.01088728770756,0.974522416610144
-onan C-m--,Wild Wings,0.278715344293973,0.763973330296923,0.643906014444448,0.29718581250919,0.331479880163379,0.347019360167129,0.71987658144798
Orpheus Yardstick,Firefighters,0.532983908970472,0.153399123320574,0.313471962056274,0.802354541661261,0.124600675391769,0.913134536163317,0.0315215917306237
Ortiz Lopez,Lovers,0.286450632187545,0.929017926430522,0.657424395588731,0.46822054666674,0.405117767812267,0.944937339859321,0.224160587465625
Ortiz Morse,Garages,0.806371828336387,0.361334294749673,0.164011669326172,0.903853855062165,0.191860620245583,0.901554367061561,0.851785694617164
Ortiz Nelson,Tacos,0.241339090463722,0.602502226181872,0.317297401853375,0.41636295689628,0.301024108786783,0.433398392833145,0.0214184073424941
Orville Manco,Steaks,0.461417084390973,0.817805165556017,0.37571256959016,0.952762248052181,0.62690191685837,0.714882182238591,0.856467729840196
Oscar Dollie,Magic,0.40054239547903,0.282274097721362,1.03723423130881,0.412846187816755,0.945498415744408,0.389162948958703,0.918207888768605
Oscar Hollywood,Spies,0.356193080450592,0.981663884102636,0.569028022005666,0.67085036698232,0.43125953700105,0.260438790066718,0.462103649451084
Oscar Vaughan,Breath Mints,0.48397475666937,0.539503369617609,0.01,0.34409548112626,0.01,0.01,0.642501370170344
Ovid Schofield,Mechanics,0.547807671025811,0.721579793745087,0.312127345584055,0.0473070122585826,0.0229946385633821,0.923184683758823,0.562962878430319
Owen Picklestein,Flowers,0.756263764710034,0.468833279327033,0.414773257726109,0.77824455643274,0.518455050791048,0.197084314988081,0.708444324864517
Pacheco Weeks,Tigers,0.945749924192949,0.422667623962768,0.744976106261777,0.179307460498063,0.331483953537488,0.686386160692238,0.77632115027338
Parker Horseman,Spies,0.195490656237274,0.211791665161543,0.518250240391716,0.801708042459859,0.680840108492871,0.904733073279158,0.063358314524808
Parker Meng,Lovers,0.623882598679581,0.426004580045965,0.15331239510323,0.145560180024507,1.07708658381866,0.937185449527964,0.416992025534384
Parker Parra,Crabs,0.837419001703218,0.710879660071934,1.02860148565591,0.147136430692555,0.337770183822719,0.380376953439929,0.60495329100454
Patchwork Southwick,Worms,0.001,0.933028028082481,0.631318875713335,0.673863763090522,0.79963574082614,0.523865596884609,0.719906973493244
Patel Beyonce,Steaks,0.354439235106349,0.864041026336189,1.00567322939385,0.80176677459864,0.556608006722801,0.686977232806512,0.600922771947551
Patel Olive,Firefighters,0.0701920953128865,0.304146153109457,0.629705627476786,0.281909065676941,0.276973352660068,0.22206954706515,0.261395892715773
Patty Fox,Millennials,0.183483802150408,0.765361286803527,1.05554152205785,0.258946920499122,0.776610834129871,0.479875503390122,0.0994004307303123
Paula Mason,Tigers,0.01,0.608965372260731,0.982482741934494,0.483643611451782,0.652437588412849,0.277884983793073,0.827057422194885
Paula Reddick,Sunbeams,0.185830444638947,0.984487082863158,0.927160363857897,0.0151541320302999,0.785770888157768,0.000890871644101177,0.18454296464263
Paula Turnip,Tigers,0.544857881114592,0.885148928597483,1.01729945028644,0.583585066647363,0.766132009191724,0.261250959019727,0.284334796702842
Peanut Bong,Tacos,0.274250746972854,0.435300446646137,0.192857802672492,1.02496384195691,0.147272867403769,0.437372071192732,0.462533192171233
Peanut Holloway,Millennials,0.143342150548133,0.751382042038313,0.833917923552013,0.708373076874128,0.851897827353109,0.460594957028202,0.558181191736873
Peanutiel Duffy,Firefighters,0.418180481292389,0.670202312454034,0.738453706299688,0.996131143253677,1.03858357095981,0.240591627878663,0.343719790831148
Pedro Davids,Crabs,0.596843141944873,1.04790480502001,1.17145305350861,0.417961293396979,0.42678239298729,0.486756421182724,1.25108781049085
Peekaboo Nameperson,Spies,0.901620146526374,0.416232383949532,0.635913032449076,0.739330465442664,0.933490981439578,0.193727065831611,0.0313300891043398
Penelope Mathews,Millennials,0.296460709569646,0.977289529395619,0.330872654306087,0.425239533214608,0.621153689824778,0.227360951932556,1.08488582313581
Percival Bendie,Tigers,0.821896676036262,0.716792882981287,0.266590472611671,0.619061640104204,0.046475230207724,0.76287621974005,0.516475637432432
Percival Wheeler,Lovers,0.136259021032603,0.881014959781916,0.627409005630641,0.346633674562615,0.678928525713608,0.563493012861879,0.21526153871579
Persephone Splotter,Worms,0.635519266304562,0.542664717831809,0.100223842384357,0.85918772307535,0.843186690932983,0.690038421298903,0.532378898617083
Pierre Haley,Crabs,0.643591228080416,0.417149685586451,0.292691593307414,0.40776279953696,0.166736648368438,0.750028854528437,0.469565283466404
Pippin Carpenter,Tacos,0.823048645756876,0.976600914808165,0.569198964821341,0.215842886341866,0.589296811232226,0.211508253515143,0.542357215903622
Pitching Machine,Worms,0.439581018735608,1.03593524214144,1.20838592087173,1.20239930917124,0.583787883278553,0.986001575788514,1.03602470456651
PolkaDot Patterson,Moist Talkers,0.334891118632358,0.305952596523584,0.58911037373823,0.708036901345519,0.812099357324009,1.01585046796905,0.225562799045426
PolkaDot Zavala,Breath Mints,0.001,0.182209205582979,0.738951249830443,0.841667037166835,0.846993116700319,0.43728340595689,0.66624401254577
Pollard Beard,Steaks,0.220429229699754,0.926295270294153,0.589791675268491,0.470893265361968,0.3183745964302,0.252309031440612,0.909330014269943
Premjeet Liu,Moist Talkers,0.738862501350356,0.996886132275833,0.864002588178896,0.514836239542982,0.908513832707613,0.129171147933636,0.545020268079031
Pudge Nakamoto,Shoe Thieves,0.001,0.469219286740709,1.02297701250995,0.553322727120294,0.357127545150471,1.14199891802219,0.380168337404958
Pug Meatbrick,Fridays,0.0630770360281352,0.541003172686239,0.979699194258584,0.155291743252549,0.23309980532265,0.888944049168948,0.434452631428606
Qais Dogwalker,Dale,0.488353800255394,0.543758067593623,1.14780417519766,0.542662241773662,0.853796065225384,1.10850481614999,0.312970585158723
Quack Enjoyable,Garages,0.751212415245575,1.02887103744212,0.222921696693671,0.834126650602882,0.711843662746563,1.03637948217941,1.1531831601556
Quack Hookrace,Lift,0.975291525381168,0.348201972561945,0.42049163094374,0.846683849709349,0.277649632605078,0.320559674635342,0.667756346392416
Quantum Flahwah,Spies,0.547018055813065,0.0195987189219844,0.39086242664083,0.882848562224419,0.800287924133785,0.77171440958791,0.114279289146338
Queithlein Shufflecat,Georgias,0.705710750465048,0.404780560897253,0.139044878568114,0.312108879853888,0.746452613451324,0.574567843391769,0.248988664769616
Quinns Jespersen,Mechanics,0.94887221098606,0.67530992116845,0.603559094722314,0.752772163828296,0.775468696939353,0.541997521877681,0.69149624038352
Rafael Davids,Wild Wings,0.75224309111121,1.00362436820474,0.744337731956083,0.281839630985013,0.679188551084393,0.313560807454797,1.05834093084456
Rai Spliff,Steaks,0.001,0.67515809267988,1.16929568111128,0.724040557503581,1.06645508066933,0.313281826509165,1.22391255804812
Ramirez Winters,Millennials,0.185768345213181,0.888691769190104,0.00237030471747812,0.987257376150505,0.427814679333484,0.321424425337362,0.741469430199313
Randall Marijuana,Hall Stars,0.150041727807619,0.973286284730012,1.04506828314391,0.541306006069604,0.773714165202428,0.649548064654797,0.24519520009886
Randy Castillo,Tigers,0.703871858851337,0.190505951613661,1.03217314755694,0.608890533385583,0.966703514788085,1.03730100825047,0.744203040970007
Randy Dennis,Dale,0.755578349306216,0.228547435265404,0.695479001450518,0.486494195656156,0.924744527366196,0.972708639262822,0.328107220839123
Rat Mason,Tacos,0.207444086033272,0.732174185068461,0.635957985573795,0.783858786787495,1.08911565717042,0.485049768379393,0.899090148824584
Reese Clark,Spies,0.358106448078691,1.02821014547823,0.825921668931551,0.776604165789437,0.897600896182407,0.896330506174409,1.03175447332236
Reese Harrington,Steaks,0.000290677097819048,0.20693651272385,0.29490418706442,0.168908516284694,0.878751986590193,0.120259786912069,0.887273996088781
Reggie Canberra,Millennials,0.960004808271553,0.0789847894299838,0.243167661755821,0.782243714772323,0.106196584665835,0.125063194674603,0.448400228135489
Ren Hunter,Millennials,0.875035052596754,0.481877568413929,1.08295990913553,0.887398277967001,0.856434683000759,0.60831556971594,0.936597322560685
Ren Morin,Tigers,0.905673893179195,0.482794466721007,0.196800404821028,0.815306060378221,0.529548737262493,0.835399223672969,0.0160665082323731
Rey Wooten,Magic,0.184798824043172,0.305966941754086,0.749142004814758,0.705212779269185,0.66015720772381,0.649806053372272,0.26465491577203
Rhys Rivera,Shoe Thieves,0.175348288984782,0.805669144277428,0.0837782700622476,0.49058222593089,0.126767976082368,0.947712053091336,0.795875847038417
Richardson Games,Shoe Thieves,0.405205757976763,1.17469475752501,0.384232907276329,0.624909486648021,0.840198251823627,1.03645386685643,1.10936215789356
Richmond Harrison,Sunbeams,0.448809538710685,0.437295542699032,0.989880824024107,0.280922000014621,0.689470451271996,0.178319038426543,0.318100161932772
Rigby Friedrich,Georgias,0.211867886058031,0.486609754105822,0.543218725688323,1.11629348237504,0.743430262995002,0.934611697212138,0.434973364110504
Riley Firewall,Dale,0.621758076841135,0.830601825618365,0.580502517695976,0.27346310667445,1.03339021510583,0.0649651171190135,0.0787344071022298
Rivers Clembons,Dale,0.145567300061969,1.25366390273286,1.14902917846976,0.349170199908864,0.696976038261287,0.93259447302807,0.986474502946785
Rivers Javier,Wild Wings,0.741801110987665,0.660916974660235,0.238466430410029,0.230476818624462,0.952558360238051,0.0456103744426628,0.193881210089472
Rivers Rosa,Firefighters,0.529338583975826,0.587482604188336,0.553526158564655,0.485920818086903,0.746893853853306,0.728921293221482,0.101207694802219
Robbins Schmitt,Crabs,0.463069840179125,0.0179940681477528,0.508486652497932,0.660357259086617,0.709962602606035,0.893355277927322,0.177929906586148
Rocio Caster,Worms,0.0321348175600122,0.512175084053413,0.229973216224227,0.319756973581472,0.564753401552575,0.0846517441277361,0.409677555227482
Rodriguez Internet,Breath Mints,0.201,0.246950098096809,0.0943936535113143,0.0672094846684733,0.97271053192718,0.30094350359722,0.835531018803251
Rodriguez Sunshine,Shoe Thieves,0.214518659672518,0.565824056531728,0.767796714898882,0.706755976375764,0.377667078960255,0.150961016655454,0.416720814629504
Ronan Jaylee,Steaks,0.0338470867136741,0.613944295295748,1.16490392470375,0.66187160992402,0.746889132723068,1.0716728778245,0.624671121215698
Rosa Holloway,Crabs,0.730178466042533,0.955221743067341,0.343392722863545,0.0717640748453947,0.321544631930643,0.513427091200278,0.294600110080178
Roscoe Sundae,Wild Wings,0.284800186901156,0.993366913309434,0.121383519991419,0.467455815038031,0.144754547265874,0.834287514357634,0.477620077353698
Rufus Kiddo,Mechanics,0.343878340139158,0.512720452787544,0.206626769126982,0.955884726282189,0.251293788665704,0.521952052197361,0.532902638389556
Rush Ito,Dale,0.277545379654285,0.0484402264452419,0.435494732708895,0.297164938894986,0.977816271585065,0.55268985330467,0.839496544799235
Rush Valenzuela,Firefighters,0.6563700221819,0.488755484519887,0.649946225193661,0.874165179536845,0.757132312359415,0.200871857179627,0.778767619493124
Ruslan Duran,Millennials,0.40315002331509,0.955127480174753,0.489047307328197,0.59674239971594,0.68024966435072,0.723121795305291,0.822897009587586
Ruslan Greatness,Pies,0.001,1.47045688577932,1.14568921098769,1.56999750254931,0.622589450137049,0.683551838116574,1.31148639846709
Russo Slugger,Jazz Hands,0.965217255339767,0.926036074754384,0.514435038946544,0.266450186530305,0.549714083042837,0.991832889047068,0.807808279687398
Sam Scandal,Steaks,0.615720257907193,0.906013812059699,1.02711910776388,1.28888196939634,1.05677932819202,0.520513185903896,0.852708618697362
Sandford Garner,Lovers,0.744894833698779,0.435294670699062,1.01510707524062,1.072877796228,0.666705008699523,0.307178130124661,0.539449976387085
Sandie Carver,Breath Mints,0.926863123849801,0.743698943133953,0.750702352077269,0.949377791504948,0.572513386230398,0.898477554053533,0.916977810456234
Sandie Nelson,Lovers,0.975724240564291,0.237191984627392,0.0646932932438462,0.795678008127166,0.505235861495263,0.30873264635118,0.187730901773429
Sandie Turner,Millennials,0.561825171235307,0.408180835501346,0.877691733340312,0.871009848799306,1.10865035137809,1.05021295227695,0.987370356539029
Sandoval Crossing,Sunbeams,0.148753227861444,0.560254966196177,0.403260501391832,0.322636779702883,0.734540154485058,0.89183810549445,0.833702698333969
Schneider Bendie,Millennials,0.660527068218296,0.303011952945823,1.34644557471339,0.821145423926092,0.486422439833187,0.421082538508171,0.90947942351453
Schneider Blanco,Garages,0.725122816411621,0.0217116941193005,0.673720898728842,0.104738557315482,0.174317309973443,0.267445671849623,0.221048575853787
Scores Baserunner,Flowers,0.001,0.478674095829369,0.934062884129841,0.610101072598052,1.15261342280132,0.369985150502913,0.42667014172101
Scrap Murphy,Hall Stars,0.99,0.0533790834514241,0.176576906836221,0.969524246023478,0.33041157608808,0.731630055234994,0.960504294142855
Scrap Weeks,Sunbeams,0.253830715840898,0.327094007245686,0.942763409075348,0.929734265853527,0.0548206855071753,0.775596905713994,0.697654964151544
Scratch Deleuze,Worms,0.0345746016966508,1.1087976670733,0.397759663910341,0.953891371095845,0.958592881588314,1.22057509736235,1.0464537960345
Sebastian Sunshine,Hall Stars,0.560929715105814,0.878831686781143,0.468087295443609,0.525635369936573,0.265180997896331,0.0675675982002153,0.6386141947816
Sebastian Woodman,Shoe Thieves,0.0291636606158947,0.911972567943206,0.763621243254579,0.170126488776022,0.509705194998315,0.641025982642315,0.456167264071194
Sexton Wheerer,Tacos,0.0655080884585457,0.960293075685639,1.19464095989829,0.71396807677053,0.714673385561715,0.955883239079176,0.517175232326155
Shaquille Sunshine,Flowers,0.192007041800474,0.916361546512841,0.427605214553386,0.573266396824631,0.0075204188513518,0.479105573729967,0.245219830636465
Sheri Friday,Lift,0.0238473223412436,0.288804459621349,0.0554567758314084,0.87082071285707,0.377344418074435,0.989346044926412,0.360555323405324
Shirai McElroy,Mechanics,0.831805421502566,0.999086271896905,0.846905555703332,0.873029498541697,0.357693280751073,0.355824897806849,0.788861367279145
Sigmund Castillo,Sunbeams,0.579652815726901,0.704198055961649,0.87019880143421,0.874804381243737,0.404778442025413,0.959250355029746,0.688146261955294
Silvaire Roadhouse,Crabs,0.001,0.424370963513878,1.09504362840595,0.367412056112558,0.462284810655797,0.129196895384147,0.609662632156469
Silvaire Semiquaver,Lift,0.856324014019154,0.333577086924194,0.61961563857172,0.386584433147597,0.708039928059592,0.510275731881239,0.975891721301726
Silvia Rugrat,Wild Wings,0.840479853329762,0.643450066739381,0.855971804883056,0.125366315749069,0.356118799479792,0.839516178879248,0.447740024140511
Silvia Winner,Lovers,0.00165778997283761,0.808786441086736,0.7339710060894,0.216104538987083,0.473749316292326,0.745902244840956,0.559531626232272
Simba Davis,Shoe Thieves,0.794725248518914,0.797899994407945,0.166077090951742,0.157895209467425,0.756310469173031,0.445546250525558,0.130944604935823
Simon Haley,Shoe Thieves,0.356081450620903,0.756160945806458,0.941754070025859,0.667067727077531,0.644197233088782,0.5292866894948,1.001493453445
Siobhan Chark,Georgias,0.0736128217254741,0.718752631916806,0.453401721726522,0.485262595190333,0.513487765853931,0.869507990999901,0.917641444781442
Sixpack Dogwalker,Steaks,0.947693712163147,0.723331011580845,0.506556742597915,0.865458327003957,0.613014487266547,0.0617564371588938,0.182536803202559
Sixpack Santiago,Dale,0.225190909288337,0.869792270255654,0.303281714618944,0.747866025097317,0.497751202504948,0.572179136233423,0.820903766755772
Sleve Matsuyama,Lift,0.116816261500412,0.86984000461821,0.655645841922507,0.411547191525919,0.551238998431202,0.197130117004515,0.198245762657508
Slosh Truk,Georgias,0.0625766748476582,0.777378984535024,0.483621839502343,0.811944419094542,0.706684929354601,0.0739915563513394,0.819390872404883
Snyder Briggs,Shoe Thieves,0.323266444444353,0.235277817970042,0.481981010400915,0.54340170957466,0.867132195709913,0.856425176035387,0.677769856272546
Socks Maybe,Firefighters,0.966103122863789,0.869230116906988,0.121983649279712,0.542131935928006,0.771870197657203,0.298107761782371,0.551980382988282
Son Jensen,Tacos,0.0274154885381315,0.984523815648064,0.194166066887424,0.999609016979037,0.781709923540004,0.637953443311326,0.66522224658894
Son Scotch,Spies,0.001,0.344828007348193,0.886924926934191,0.340776963524537,0.539301456983627,0.575555102216975,0.37834602137915
Sosa Hayes,Spies,0.662091093532687,0.582485719340128,0.614668256542287,1.11734836438907,0.982523146493015,0.373724805882642,1.01097188737045
Sparks Beans,Garages,0.119040943892247,0.135249118214848,0.564603738830865,0.577155045444027,0.570219572156299,0.581999805881849,0.329506498423698
Spears Nolan,Moist Talkers,0.285494347176539,0.185750554961235,0.653365842304262,0.689330018101442,0.0665334612664159,0.213297972604175,0.0993666940511621
Spears Rogers,Jazz Hands,0.399882255854446,0.688213930905978,0.781106182692696,0.860268672875353,0.896352506272266,0.405251010253588,0.134752803819377
Spears Taylor,Fridays,0.717486740672858,0.914121241327014,0.367727968493176,0.638483575427062,0.50752464015794,0.712538044210974,0.425569927097951
Spiff Piazza,Mechanics,0.245455206830896,0.901050480834253,0.795944598785862,0.468401116553741,0.0935520532458585,0.197406587987855,0.443441891807299
Spits Strongbody,Lift,0.676527623019817,0.965157879568273,0.0425447711178613,0.625220342536854,0.584839201895744,0.424233839679877,0.690452017709351
Squid Galvanic,Crabs,0.652488877316934,0.633153392505777,0.342644815720717,0.602360419736138,0.997877140540444,0.0414505263931262,0.765674834605445
Steals Chark,Georgias,0.276030856810971,0.550761720040936,0.197585486799851,0.825761965037968,0.560887601150304,0.437314626875864,0.417283675660643
Stephanie Donaldson,Fridays,0.63070315785001,0.960860114837361,0.047761226113445,0.428470705734316,0.140885301212158,0.936259554964418,0.175668304552312
Stephanie Schmitt,Flowers,0.0238971713026483,0.803711514446878,0.405848922827088,0.380379652265022,0.185326604855787,0.640616270018552,0.695048815214309
Stephanie Winters,Wild Wings,0.414171252515985,0.852414468837352,0.525227136073023,0.303676444955764,0.731667027742698,0.577069228455372,1.09498357155371
Stephens Lightner,Jazz Hands,0.920917019052822,0.0532939978111747,0.360020352939704,0.59378589014126,0.358928110623527,0.335072785063097,0.624327930453042
Steph Weeks,Jazz Hands,0.468980124247476,0.983330789005124,0.535894232843431,0.995992955131248,0.924078902089616,0.691204866323455,0.961210839137351
Stevenson Heat,Fridays,0.01,0.346128554690001,1.04135689525128,0.616290253745604,0.717815874552366,0.833433414682769,0.428637434569158
Stew Briggs,Spies,0.95,0.041,0.365674897762801,0.17530422349447,0.57402690068039,0.640462075360447,0.041
Stijn Strongbody,Lift,0.463459661190041,0.90309350813697,0.823185634891393,0.280466446240414,0.183630344831989,0.457300101748272,0.901359805033316
Stout Schmitt,Dale,0.00431508141812853,0.7846722849614,0.231684474434967,0.736757315323738,0.812375233775971,0.022941675199406,0.221112423794788
Stu Mcdaniel,Flowers,0.71855119830837,0.505898603638823,0.071396866078643,0.942072795206326,0.756496386278013,0.617778044659236,0.00278507568963415
Stu Trololol,Shoe Thieves,0.183102381080204,0.631627481500312,0.922421018813404,1.14123654561442,0.588854728395455,1.23755747229515,0.944014021242862
Sullivan Septemberish,Tigers,0.129777889575051,0.474855019427964,0.60453644533724,0.0268006201639108,0.63149682097094,0.402353154523317,0.844249175680877
Summers Pony,Garages,0.658150307104155,0.581468746635397,1.02572728225561,0.974500447878008,0.476478826660816,0.694091150035636,1.17261164540873
Summers Preston,Wild Wings,0.0528468579463405,0.230245436053731,1.07027043407708,1.08856559192565,0.836936783103054,0.731691330242793,0.685551589383433
Summers Slugger,Dale,0.556189158797694,0.825582115595835,0.463476802100079,0.169718689543166,0.563532719006028,0.423970316350772,0.468878490897899
Sutton Dreamy,Fridays,0.504573407485704,0.565468764214515,0.478683755800402,0.602900421311801,0.423185015168638,0.451554956076262,0.808192404192799
Swamuel Mora,Firefighters,0.310368226127602,0.617557071726089,0.844084402867631,0.957374060110897,0.416946499974787,0.773343026455553,0.32368196799119
Tai Beanbag,Wild Wings,0.143668240061389,0.233016477965984,0.559542672642649,0.155240723465388,0.590868477516892,0.972552297410434,0.89645162069285
Tamara Crankit,Jazz Hands,0.001,0.459183544073262,0.43353093042877,1.06351567938567,0.834828791289241,0.438682687037543,0.453857859828045
Tamara Lopez,Steaks,0.0346309498335955,0.868707219068215,0.374726738676036,0.130016401768546,0.212090211635842,0.906594843377881,0.642271440860154
Terrell Bradley,Garages,0.141391555502119,0.340195692189361,0.0368454172336461,0.406775491513407,0.510114539728193,0.732491409714182,0.165298500783055
Tevin Melcon,Shoe Thieves,0.82171383295857,0.323942168618659,0.900765932324048,0.521927255054097,0.550318480583725,0.95031422839317,0.360612580906996
Theodore Cervantes,Millennials,0.651160620003008,1.2026656956548,0.986252721136511,0.691311990006677,0.317159021584374,1.14106890679026,0.624288347780309
Theodore Duende,Garages,0.310923512995896,0.864866959914539,0.983065248829843,0.308251065697524,0.715184533540206,1.00071925519001,0.212948091797562
Theodore Honeywell,Lift,0.0651806131610495,0.967181581379027,0.732738597563216,0.218097267601317,0.564624833479543,0.590150200031666,0.775284622348793
Theo King,Lovers,0.504153666569533,0.410382222740841,0.235889429830558,0.288658206710949,0.599383363559488,0.583123690796222,0.87659601544896
Thomas Dracaena,Millennials,0.01,0.471145421071464,1.18079912193429,0.639801553497572,1.06980335348053,0.540620069917836,0.168584716673328
Thomas Marsh,Crabs,0.830379384193649,0.375952142050345,0.253109308725953,0.693011351680088,0.895761640288617,0.24350850082589,0.661618487024421
Tiana Takahashi,Pies,0.482871240841003,0.836510066850155,0.0412504555847555,0.987698331684952,0.228480115776021,0.116944027462465,0.425747562524007
Tiana Wheeler,Magic,0.258314364875269,0.248798630556864,0.710733731163814,0.871915995697908,1.00691562318667,0.495384711238656,0.813185163151034
Tillman Wan,Garages,0.625464290542563,0.135538110336743,0.133695146317834,0.259744556136686,0.171930957716403,0.484294247628378,0.875191707484486
Timmy Manco,Fridays,0.276422054943467,0.828184292231113,0.177014372581894,0.950713187320624,0.126998332434092,0.114111891822378,0.570676676871098
Timmy Vine,Millennials,0.986095538438074,0.713959774813376,0.372833239523172,0.30921073566416,0.0506780192608942,0.83048646513309,0.654518406814897
Torus McGhee,Mechanics,0.590487018220496,0.438803629272409,0.863956091074908,0.119031656774567,0.0354163335123578,0.386301405998567,0.677179854472306
Tot Best,Sunbeams,0.338256192484724,0.716165245969827,0.432380424840715,0.633147297404298,0.241839312191447,0.870437641787246,0.995576309687997
Tot Clark,Garages,0.567237267223417,0.523841749218059,0.920673612637974,1.01799414564966,0.7164540018235,1.11593575453487,0.476358662112026
Tot Fox,Crabs,0.334786145085014,0.822120133616537,0.740298609648682,0.86192162893974,0.208447901715648,0.01,0.148474261335586
Travis Bendie,Magic,0.480488337955269,0.43139223208495,0.883209727927533,0.867955881925719,0.341091819017121,0.337567847237733,0.420533210570851
Travis Nakamura,Firefighters,0.157628005907641,0.797039435584926,0.0573149394563188,0.671163608072606,0.304236835235404,0.610902562707354,0.91064091592634
Tristin Crankit,Flowers,0.958955372604171,0.668230468709629,0.642220740919456,0.893599262336229,0.0195014019085549,0.417827067566212,0.282504479936045
Tucker Flores,Moist Talkers,0.0262393820342277,1.01106601656158,0.89637787365141,0.978816040546008,0.507697222056378,0.16495026437937,0.875426404422458
Tucker Lenny,Magic,0.897249214685556,0.743954446462741,0.767992316835894,0.528614485167427,0.322631890577012,0.419035575707752,0.81519228563088
Twofurious Puddles,Pies,0.812102131327239,0.976272620477929,0.480622538001755,0.857060712556641,0.577624531870438,0.474513343513584,0.00918203643683468
Tyler Leatherman,Firefighters,0.779569611110931,0.76936656559601,0.591394515090393,0.68998395055397,0.567334450928011,0.987135713701269,0.674407261254896
Tyreek Cain,Firefighters,0.433524595856662,0.80820892618226,0.921461302892262,0.380927356204231,0.551693922722828,0.442530929210421,0.225810530209684
Tyreek Olive,Hall Stars,0.566044543198212,0.203238846838078,0.844121223845469,0.501937439842869,0.879822037350914,0.204042213348028,0.374394107514243
Tyreek Peterson,Moist Talkers,0.001,0.577534385480535,0.766561594338273,0.302610719049586,0.323732494695323,0.856088617101839,0.367852144517832
Uncle Plasma,Millennials,0.698506732814909,0.579161892383615,1.038949583648,0.895863658788851,0.568179212371494,1.06926176546342,0.53731580876664
Usurper Violet,Tigers,0.56969862378002,0.869795418591938,0.293502808444383,1.0227260741509,0.894648083414572,0.487176157190207,0.283561405058069
Valentine Games,Tacos,0.001,1.34230618388933,1.25378354570832,1.68201831841762,1.08732185830783,1.10334788608588,1.55549928286948
Val Hitherto,Lift,0.121374290925651,0.956627918891099,0.472284768063257,0.663772506430475,0.401370456952674,0.36106663352647,0.114728295492307
Velasquez Alstott,Shoe Thieves,0.769126075418197,0.319612196646302,0.552221128502871,1.0305377713753,0.937468366355773,0.904293034628321,0.289791438063744
Vessalius Sundae,Worms,0.001,1.29564739776295,1.41062283263802,0.561752165053257,0.887560617623305,0.612723219378383,1.249408834539
Vito Kravitz,Tacos,0.544786377190059,0.747287568891974,1.22074386561205,1.04097191344354,0.403907119543667,0.316813403764191,1.01945891407319
Wade Howe,Flowers,0.268175749897008,0.844148580081368,0.470166133911947,0.00504298557097105,0.766319853876205,0.244518099101321,0.540914963436881
Wall Osborn,Moist Talkers,0.251204637109179,0.174160017533208,0.694029810037682,0.631315269694132,0.326103432179437,0.401341765397836,0.971001783011961
Walton Sports,Jazz Hands,0.158355939065995,0.145201804384746,0.454921170080061,0.19950443452377,0.0948950383958842,0.144377112765619,0.647814716892465
Wanda Schenn,Firefighters,0.0372595409822849,0.468774015620528,1.1882788505909,1.20416597783352,0.507806530907765,0.40903961493613,0.31874797011849
Washer Barajas,Magic,0.447665292528836,0.542676098931428,0.404994996762747,0.20136054582799,0.906174208875731,0.566891829740211,0.700954480797884
Wendy Cerna,Steaks,0.0358897907774598,0.157400580206452,0.184354560569002,0.268842371021285,0.137621754423656,0.550861567680252,0.48990035480165
Wesley Poole,Firefighters,0.23127743878676,0.427049741552704,0.406544344690666,0.866812765967123,0.939160627399739,0.732492115067114,0.994426626401402
Wesley Vodka,Tigers,0.131476659995238,0.639401463925075,0.0719161120547269,0.104242166229695,0.638374719143181,0.617853241587609,0.457257074266345
Wichita Toaster,Wild Wings,0.0153309893555758,0.428191303574035,0.492040597767813,0.839482519084336,0.631591847129387,0.103421546281139,0.213179246153804
William Boone,Shoe Thieves,0.001,0.146664249342726,0.539954496659242,0.0587054293015052,0.786302171067332,0.337480845849282,0.399852198226961
Winnie Hess,Breath Mints,0.468159487162508,1.29688076826551,1.07679630040689,1.40906360734467,1.18151773081683,1.21603332579119,0.801907935654191
Winnie Loser,Shoe Thieves,0.001,0.621128857679646,0.814072915232257,0.596415644682894,0.0754176512695186,0.583986920676517,0.937097021974687
Winnie Mccall,Millennials,0.94347063367571,0.882485860477949,0.511217032698967,0.939557691597462,0.957750207468565,0.899203578005858,0.0253236447779692
Workman Gloom,Hall Stars,0.11,0.911615387373136,0.484510875554065,0.264425102681638,0.989425917551751,0.547201472618089,0.545326464512
Wyatt Dovenpart,Tacos,0.01,0.377316241955241,0.381729564806716,0.818922383772981,0.686819461569989,0.357311926643765,0.246348865785979
Wyatt Glover,Magic,0.890027704625604,0.606456251067995,0.487842702828073,0.328269518006413,0.365231277372698,0.940007546989096,0.782167752511119
Wyatt Owens,Dale,0.837788090771583,0.284383320362864,0.307558418248058,0.427408283793169,0.181207067404602,0.836873251411311,0.304855315829516
Wyatt Pothos,Jazz Hands,0.716988733270117,0.260503625326922,0.346054397036101,0.779870298778636,0.597165479872239,0.801033921341917,0.343003406998131
Wyatt Quitter,Lift,0.536856167461681,0.912824915609211,0.843942232162039,0.221077015140249,0.266330005161752,0.630025205367273,0.23190781388693
Xandra Pancakes,Worms,0.0421947715580282,0.77691032526141,0.477069599894693,0.0825191335116298,0.376856147744102,0.500357821477815,0.802869443338793
Yams Rolsenthal,Jazz Hands,0.59096798110615,0.992096698743612,0.401455663335192,0.50878561707267,0.669298327458751,0.217868646110925,0.147800086984999
Yazmin Mason,Hall Stars,0.537219839199374,0.581030255093919,0.115776546195784,0.460849558084134,0.173336767174207,0.100029596082435,0.467254357639408
Yeong-Ho Garcia,Spies,0.001,0.943638321999914,1.09917226459744,0.79428538013554,0.352761846872139,0.292341316802429,0.7062891544084
Yong Wright,Wild Wings,0.027940654642713,0.223320376933698,0.437615556146109,0.398140674858716,0.139506257126361,0.642300809541342,0.939579720293654
York Silk,Moist Talkers,0.306328316225548,0.990287892528532,1.13839653780331,1.17640116051439,1.22983514310146,1.25930946985391,0.537627945589279
Yosh Carpenter,Fridays,0.161891379133074,0.187101734771539,0.627564039331138,0.503658177058557,0.622349222157623,0.299765411020377,0.773253408537227
Yrjö Kerfuffle,Spies,0.139434261558222,0.0666058508805263,0.555626836827265,0.0691965630432749,0.955065489195079,0.837282564709653,0.771858055794181
Yummy Elliott,Tacos,0.939205094833867,0.374392595599719,0.742128544514697,0.073576800964583,0.563160286508618,0.42166823580977,0.367462067411537
Yurts Buttercup,Georgias,0.745345654347328,0.304096426405198,1.03100327361863,0.852638944303109,0.367322829972301,0.908657541351367,1.04176705927711
Yusef Fenestrate,Lift,0.367857626545378,1.18109619725263,1.11107630619852,0.698159193379346,0.635642067807618,0.740122782277064,1.11214313458423
Yusef Puddles,Pies,0.630777796798693,0.151907758592892,0.18457661596365,0.675195799776166,1.03369817939286,1.01001471174945,0.110820839418905
Zack Sanders,Sunbeams,0.001,0.701801723485436,0.715703169856751,0.427151473092931,0.518990935107836,0.316825320931078,0.467748924603079
Zane Vapor,Tigers,0.0608630456459125,0.594065250028651,0.392645730098953,0.313873848315212,0.876110644351809,0.390847114729814,0.517527358570355
Zeboriah Whiskey,Flowers,0.753578348631518,0.20133193949392,0.803561241210579,0.314219913584606,0.748391696954846,0.0377696273812422,0.484536141999363
Zeboriah Wilson,Flowers,0.0211788183326843,1.05196854970257,0.320410806767965,0.650591350917674,0.653976895222282,0.872042124499225,0.482665595038646
Zeke Wallace,Moist Talkers,0.575762078346824,0.936715438059618,0.755425645751896,0.777838012338613,0.224276640868512,0.924377559693634,0.477144350722029
Zelda Highway,Lift,0.25962374977893,0.925337686742466,0.729323029934989,0.146641308377012,0.338675811530132,0.954018304019453,0.478483413129935
Zephyr McCloud,Steaks,0.0437028460000175,0.713885207212159,0.963922345765837,0.964179481770574,0.951107151978822,0.730417642321662,0.937630685674786
Zesty Yaboi,Flowers,0.799835571201589,0.145964674048959,0.896224954226176,0.453645108211841,0.290563709120989,0.434670826416882,0.651703210320228
Zion Aliciakeyes,Tigers,0.344832698489028,0.587701098954984,0.154826745098029,0.493886662601491,0.731594510396809,0.38711954130891,0.150456042358714
Zion Facepunch,Firefighters,0.413981738901728,0.977757942376651,0.0844771843561822,0.101061577998392,0.0777409224719632,0.810728658923572,0.408835642145772
Zi Sliders,Firefighters,0.0327172537301017,0.911651491027057,0.526032978858099,0.725322584806118,0.107964279974203,0.710105659454151,0.26319030900408
Ziwa Mueller,Moist Talkers,0.490343728504911,1.0998341008991,0.951608880859629,1.06444644196864,0.526534911220905,0.843690708292783,1.19113950646975
Zoey Kirchner,Mechanics,0.515341149151457,0.918638183407305,0.385716029635444,0.591027968539756,0.92034605384486,0.361554597343969,0.877958065593389
