name,team,ruthlessness,overpowerment,unthwackability,shakespearianism,suppression,coldness
Abner Wood,Lovers,0.362625744388789,0.183438894434747,0.619305699705543,0.701224223629773,0.571086337164191,0.290219459194669
Adalberto Tosser,Crabs,0.774379083725713,0.290778013926728,0.967941229892856,0.878023605433741,1.07857534655434,0.543385861975896
Adelaide Judochop,Mechanics,0.477049574045953,0.742095994213611,0.847254547452689,0.841883319812313,0.371465902995831,0.689579801164268
Adkins Davis,Tacos,0.940361615706147,0.69062939585492,0.305562304751885,0.777553351606782,0.928995164343073,0.721085203554477
Adkins Gwiffin,Wild Wings,0.607563536533982,0.0756682850426127,0.346063160040718,0.594621645097222,0.945104949763827,0.871158178141867
Adkins Swagger,Breath Mints,0.405689218570053,0.107922928733665,0.104039803938522,0.600100063962538,0.433388614541371,0.929482557529125
Adkins Tosser,Magic,0.408553094211706,0.708360375218569,0.680075247252722,0.588230692300403,0.295424390748782,0.338494647674686
Adrian Melon,Pies,0.956712174945523,0.0211315911060976,0.192290736476908,0.0924831127240424,0.729181585789918,0.586090220880722
Agan Harrison,Firefighters,0.408072478374681,0.22643658832959,1.06329850010653,0.261693367492613,0.47062192556354,0.284427801194616
Alaynabella Hollywood,Garages,0.325872831973046,0.232026518957497,0.248707515074831,0.300432699607182,0.238574446870111,0.20681438402838
Albert Stink,Millennials,0.499234530579276,0.634790921811832,0.552234210715787,0.868236163917751,0.00969253599346276,0.107967088246269
Aldo Comeback,Tacos,0.543211676373472,0.0278319602428976,0.237895088447312,0.454980601203791,0.925753217587087,0.361237591312388
Aldon Cashmoney,Tigers,0.827541592266505,0.877586525745057,0.657340237333601,0.688913091320887,0.457314301292198,0.624317034540206
Alejandro Leaf,Lift,0.599570197807928,1.13285974730276,0.484444985764668,0.26145717237881,0.943818826530583,0.609466777761458
Alexander Horne,Lovers,0.423467423627029,0.283121511691055,0.64263330798779,0.623348956382771,0.560575439831333,0.644824033177514
Alexandria Hess,Crabs,0.711068703917133,0.606010871738885,0.554159439072922,0.0897994152167836,0.83952880158454,0.700915683223009
Alexandria Rosales,Spies,0.946710967678946,0.989889161863212,1.04786978434634,0.210874150090316,0.787635958203555,0.792019542612448
Allison Abbott,Steaks,0.955048462142912,1.11319048848597,0.404867368450764,0.284572721903002,0.616793834819784,1.06286016740713
Alston Cerveza,Moist Talkers,0.679993808797199,0.882470682232628,0.696335168776628,0.701387754392677,0.456687930691013,0.707059131002602
Alston England,Firefighters,0.454136382749672,0.442141140149408,0.840768651479999,0.575548039449218,0.900976025870422,0.0726453228894186
Alston Woods,Dale,0.160277645397005,0.6068452455836,0.61876477918689,0.712224985569678,0.021247487676141,0.894481122457113
Alx Keming,Shoe Thieves,0.0623301544994808,0.98303772535079,0.0817087459568475,0.3084858756794,0.975665004851097,0.811709897075595
Alyssa Harrell,Fridays,0.631737576542689,1.24606222016671,1.24102565900255,1.29084081793277,1.57255297349202,0.694687052921825
Amaya Jackson,Lovers,0.451755955333272,0.589306010190391,0.944790125840471,0.528397214701467,0.455329059317799,0.4826058143553
Amos Melon,Moist Talkers,0.502206596367263,0.824277015719924,0.998538229468414,0.973487189802849,0.577932464888049,0.762820957981461
Andrew Solis,Millennials,0.749714937750375,0.83473563333192,0.675510347037926,0.869389323829602,0.302611046973192,0.424641459227287
Ankle Halifax,Georgias,0.345273119073602,0.552458570387363,0.887522158935494,0.899640387885942,0.495956898622815,0.0479055128533405
Annie Williams,Lovers,0.0760260489877811,0.850383671550675,0.935027449603978,0.0588409193600694,0.368061593851703,0.452170224230092
Antonio Mccall,Garages,0.123471742884073,0.224671714711832,0.88595301341165,0.139115512189385,0.282750358525402,0.16715449113227
Arches Candle,Mechanics,0.628723444129907,0.223424665207263,0.798855389643931,0.383943387862123,0.0963656033897466,0.104070044382044
Artemesia Teixeira,Georgias,0.596582999405088,0.0262399931765662,0.465226394548452,0.690465089164438,0.114047840266076,0.460625305656448
Arturo Huerta,Garages,0.996361015581145,0.898964621396551,0.761297954163824,1.01291595400884,1.13297414449695,1.53953365712102
Atlas Diaz,Magic,0.0769725371921279,0.492115618012698,1.00916782133336,1.01493219268855,0.039648018350622,0.318288079725531
Atlas Guerra,Breath Mints,0.658213508064932,0.350988019249514,0.316053679307897,0.892123834076703,0.915892823357806,0.563965964023736
Atma Willowtree,Worms,0.953111205154493,0.0659201019846631,0.316931486110223,0.380069731226506,0.810962749899001,0.643861440209548
August Obrien,Pies,0.261477079295924,0.887829992201226,0.236723359211116,0.0977430331251792,0.322708383797912,0.100187595761222
Augusto Reddick,Moist Talkers,0.977734653953911,0.420755875510287,0.715916823602643,0.07320564157721,1.02226224801918,0.1182013174863
August Sky,Jazz Hands,0.89110909237163,1.04988778614119,0.779309263529716,0.174633527003034,0.81464848963157,0.77800539782773
Aureliano Cerna,Spies,0.786495715816782,0.249064393783236,0.0989579463882353,0.502416618002747,0.947239814002935,0.712484641608292
Aureliano Dollie,Dale,0.210144343247211,0.774851871401788,0.165748962646695,0.0400802095912671,0.198620127863969,0.465930514011165
Aureliano Estes,Lovers,0.226707003806802,0.715522702410746,0.385586777889074,0.364696221148402,0.420160973581748,0.635420283100018
Aurora Blortles,Worms,0.54897870036487,0.858478603063226,0.908568815574094,0.232240572854158,0.442947228040224,0.286843516219658
Avi Jones,Worms,0.424173448192541,0.809243556595374,0.322137815072349,0.794759565924721,0.262812903858501,0.391916568108222
Avila Baker,Sunbeams,0.13640938550174,0.219979423040588,0.858520171253461,0.816344733772517,0.148479518465123,0.775255946301343
Avila Guzman,Dale,0.159992119358465,0.122044116439454,0.229491031701138,0.976774784011226,0.717127053620909,0.135033051864643
Axel Campbell,Crabs,0.83139749169171,0.575028026154188,0.757781655797606,0.465552748001486,0.954218191160248,0.880953649168827
Axel Cardenas,Wild Wings,0.400134558476587,0.237947600624576,0.147265644095425,0.179699640706432,0.0448623737992252,0.134251016266092
Axel Trololol,Hall Stars,0.951805845676322,1.22962507118545,1.30870185215787,1.16093980368526,1.68622344012213,1.6193007577226
Ayanna Dumpington,Lift,0.312280176611287,0.82009913115969,0.741689147007411,0.815280879377963,0.96317633141588,0.396408552799844
Baby Doyle,Jazz Hands,0.157399548451502,0.683994095952044,0.452826991201838,0.358785300745153,0.01,0.275399708136357
Baby Sliders,Sunbeams,0.62690954654592,0.27467319771191,0.0279513930190638,0.712947426133697,0.964206091668606,0.538425143880242
Baby Triumphant,Firefighters,0.13198887085085,0.661349130688085,0.53801364129853,0.67145262981623,0.91698768617095,0.465371298894606
Baldwin Breadwinner,Dale,0.266965536247936,0.02,0.462166953270631,0.541705446017842,0.349925135494523,0.680524691853191
Baldwin Jones,Steaks,0.66222750965047,0.849941171882035,0.0229161345875823,0.342361716692381,0.164881902830124,0.547496991116894
Bambi Perez,Pies,0.478631933078748,0.27420220873782,0.0184219172750073,0.15150618956494,0.110880559298392,0.582146949051989
Bartleby Zhivago,Worms,0.780781491061976,0.765724362140359,0.600651050601432,0.235203638684713,0.56494610449531,0.872325162499219
Basilio Fig,Tacos,0.881843236342838,0.42804863503854,0.502695596038397,0.686323935512876,0.438350044941057,0.997909698946574
Basilio Mason,Tacos,0.993049859621865,0.250858879967256,0.549169674543995,0.450720251085514,0.771766899281259,0.959143253305916
Bates Bentley,Fridays,0.758789099006269,0.939028503948618,0.180179267427833,0.657074575616733,0.721018804079473,0.485380298868326
Bates Silk,Magic,0.678129506354136,1.01435265019738,0.51997562395204,0.276472153861117,0.225995820245063,0.0406763010704465
Bauer Zimmerman,Jazz Hands,0.118626759687686,0.528250645422177,0.921593339372252,0.38869761835134,0.789126137482766,0.983398658299296
Beans McBlase,Moist Talkers,0.590520037115533,0.978087751905857,0.789639065532055,0.599012767006124,0.859900213545948,0.225276511279158
Beasley Day,Pies,0.211071220641935,0.529148742417093,0.448207200510056,0.806547020757832,0.01,0.317774178058759
Beasley Gloom,Moist Talkers,0.853101106355033,0.405756417007743,1.01556108376167,0.198317897280054,0.301245132748831,0.357084146393551
Beau Huerta,Millennials,0.857558231841205,0.922397495056531,0.00795946496102928,0.731303883572593,0.429301405724297,0.936476171169056
Becker Solis,Spies,0.717180870531625,0.621069816148068,0.741348211494129,0.208540038708913,0.00394213974169277,0.0987398203250804
Beck Whitney,Dale,0.920719025384884,0.421919040707654,0.919410264945874,0.718397666756884,1.31776338716937,0.561810670160498
Bees Taswell,Mechanics,0.419102208848897,0.384473225125921,0.292935220268701,0.949894882769594,0.48111942296678,0.257904416383493
Bennett Bowen,Steaks,0.694652226780839,0.270070956127668,0.91330855306557,0.519626047895275,0.0136955287970755,0.808481352738094
Bennett Takahashi,Shoe Thieves,0.161010395953401,0.601017038890089,0.917452391424266,0.504466239281229,0.65769571574113,0.438700128609874
Best Cerna,Wild Wings,0.00912479635559516,0.158545878023305,0.422399556078789,0.372153819256421,0.47261119362069,0.485219289039734
Betsy Trombone,Garages,1.21159228031597,0.822826326064277,0.32664597198757,0.506092857203989,0.981850705957273,0.855802516847355
Bevan Underbuck,Crabs,0.244853833701637,0.403319298409775,0.593269859009037,1.03347942118382,0.534370792254856,0.520091717023497
Bevan Wise,Magic,1.01093472765592,0.966296617411945,0.371604677916043,0.254313693475232,0.485315307029478,0.862068897538287
Blood Hamburger,Shoe Thieves,0.815103703243979,1.15118565728541,1.01279589528212,0.902529421808979,0.913600360953003,0.832547738009143
Bonk Jokes,Magic,0.692149942976592,0.715165589731918,0.954086227345535,0.396628401202381,0.803565497863197,0.541566216933467
Bontgomery Mullock,Lovers,0.607886157206771,0.553617859451806,1.25928001319384,0.360685155412133,0.384052351121973,1.09938213987888
Bottles Suljak,Mechanics,0.240596624897665,0.0484424280541367,0.446064715917642,0.550192855940632,0.959137273775841,0.954256707775357
Boyfriend Berger,Jazz Hands,0.683104623527994,0.99219719022426,0.0610485538829799,0.0109652221978542,0.431104001906628,0.719623190243947
Boyfriend Monreal,Hall Stars,0.214613911632201,0.178201801322524,0.755123772246447,0.673393117829723,0.235130006811042,0.885546103028737
Brewer Vapor,Jazz Hands,0.188144860720967,0.155596315643663,0.2049648307461,0.988854449319495,0.340521548806609,0.422442443410497
Bright Zimmerman,Moist Talkers,0.511156810827286,0.852666193008961,0.207881854722521,0.679224061914137,0.870961424780504,0.303950274483202
Brock Forbes,Crabs,1.227134025599,0.422030872029319,0.972277964162854,0.486155281985269,1.00875696451237,0.601484761977599
Brock Watson,Wild Wings,0.189555818059078,0.636764450708672,0.386378652675153,0.462073305072549,0.347037285930861,0.210821985851254
Burke Gonzales,Wild Wings,1.3414118493678,0.879956440945454,1.17163864022271,0.870391443236929,0.789646002784292,0.97363831089149
Caleb Alvarado,Firefighters,0.833616297820871,0.938391641992817,0.659629815935708,0.471352411944721,0.387368610445536,0.597048993300643
Caleb Morin,Fridays,0.467672417854373,0.368847726364884,0.619983181063358,0.14694320725453,0.198143424346646,0.522923588583284
Caleb Novak,Dale,0.03,0.842270025545401,0.0883249207106155,0.482810314126274,0.394052036393953,0.691509884441655
Caligula Lotus,Hall Stars,0.95868642734891,0.612575765244308,0.625534170555206,0.679013532196402,0.997934892173135,0.79673797854868
Campos Arias,Jazz Hands,0.82391911360384,0.8745409818511,0.57939858001432,0.521808277089965,0.505967963615282,0.724201282808518
Cannonball Sports,Dale,0.141834080395648,1.03759288536072,0.229894043015149,0.22302673788894,0.181310036357977,0.686614102068598
Cantus Hojo,Worms,1.05154015685148,0.389018504421834,0.556548104796911,0.551640093455069,0.197875393699867,0.771824118130555
Carmelo Plums,Garages,0.243267435409373,0.486566167954384,0.752889020873768,0.642885634926173,0.723582288950679,0.396129502408081
Carter Oconnor,Shoe Thieves,0.307001390606467,0.100821691023048,0.2601971402631,0.581822449011815,0.175055569446123,0.280062032180785
Carter Turnip,Moist Talkers,0.178476303230976,0.0916253573106587,0.409034682342238,0.0376254549449755,0.274646004452251,0.688350407914658
Case Lancaster,Pies,0.829197195664458,0.190119409513013,0.867044461764373,0.825333108922558,0.0821170730292609,0.868250857440071
Castillo Logan,Pies,0.679043837073805,0.16698381862222,0.962056422534256,0.994241578502683,0.230832353654946,0.0900668922412891
Castillo Turner,Flowers,1.25219476189107,0.81000744794955,1.20189773891819,1.39053547140611,1.08038216162115,1.4498347799826
Cedric Spliff,Moist Talkers,0.571354305226247,1.04298130019843,0.355169364495297,0.236002505479192,0.683892515915343,0.808191800062854
Cell Barajas,Wild Wings,0.968070349455164,0.718912777825268,0.92779007000187,0.614807200433621,0.139886601947997,0.132355723919092
Cell Longarms,Steaks,0.570238587527257,0.185944901361812,0.534384536336161,0.760479034149438,0.187095560909468,0.266805873902073
Chambers Kennedy,Flowers,0.689525056886507,0.124325653616255,0.953658756714648,0.177531998900785,0.626969621935606,0.78069848728796
Chambers Simmons,Flowers,0.46155001742997,0.869439248949828,0.540474281266082,0.970296402449408,0.762715254071749,0.265929701537334
Charlatan Seabright,Millennials,0.597627954133579,0.564358737291267,0.216330585794935,0.785433887178999,0.637177427643249,0.386938196414493
Chet Takahashi,Spies,0.656189419581687,0.653141239175564,0.646485483355835,0.867365950974191,0.217388617822914,0.813517362992918
Chorby Short,Magic,1.23957759993034,0.62625884496389,0.472793210908758,0.628717384459574,0.570809612609642,1.13075918874758
Chorby Spoon,Lovers,0.126802147944712,0.375972395370981,0.657729191528159,0.0440879283233944,0.971552156726528,0.76354832371109
Chris Koch,Sunbeams,0.282747673439414,0.880980551133467,0.32264711854905,0.387842123903415,0.0115987500972161,0.800252868205162
Chris Thibault,Dale,0.90304443726377,0.936752665736153,0.79196983132031,0.0937388305651532,0.668848934688399,0.760040359144272
Christian Combs,Fridays,0.677448194169864,0.553309165817892,0.795166622196249,0.336055368854723,0.875467978663858,0.328731063364096
Cicero Homestyle,Wild Wings,0.470770011985945,0.115982824493474,0.114219168784585,0.541384479750383,0.261321547940318,0.451175471928963
Clare Mccall,Firefighters,0.872075517213545,0.5760429343426,0.157264682689113,0.677862058618392,0.264431104756762,0.895483441094119
Clementine Steeplechase,Georgias,0.359602015032259,0.200935453836614,0.790857897367044,0.94716061936318,0.853277575159097,0.220454592451358
Clove Mahle,Worms,0.515647702350461,0.150922348610551,0.621800398726115,0.92037829577522,0.719329948114755,0.821517581714291
Collins Melon,Jazz Hands,0.852469516129538,0.55532904774956,0.761233550787268,0.689312925205989,0.362112848568156,1.03463692357019
Collins Mina,Moist Talkers,0.592138395143996,0.0811627267484438,0.168673722804551,0.356808299057227,0.967632618557561,0.161062501120211
Comfort Monreal,Sunbeams,0.309745412325846,0.059665178466398,0.360664623179382,0.956451001423577,0.547818545974928,0.593967471459983
Comfort Septemberish,Spies,0.286914406636041,0.804863161357771,0.277888118679753,0.13,0.934954318659754,0.471795973246067
Commissioner Vapor,Moist Talkers,0.368281814188899,1.02597530236791,0.524803691162543,1.0346692664773,0.549950719867255,1.01947946573574
Concrete Mandible,Lift,0.462866988178438,0.465810977000659,0.469001055142205,0.520124059369109,0.818982777545783,1.01232696247481
Conditional Yuniesky,Shoe Thieves,0.697942952875586,0.868478831896157,0.089907110066979,0.504915677582802,0.239086102772691,0.925508155024124
Conner Haley,Steaks,0.71019918291484,0.663686672647621,0.532535008580485,0.322127912870014,1.00819988675893,1.0916584157706
Conrad Bates,Breath Mints,0.700991924544388,0.226677898827796,0.379729669152109,0.727449428857679,0.978039412837403,0.656850014225508
Conrad Twelve,Firefighters,0.976785555275813,0.82915991002949,0.569787901637617,0.312782112453734,0.595090228605196,0.194390084728663
Conrad Vaughan,Jazz Hands,1.09803407624323,0.449494758944299,0.536635098329686,0.426693478530715,0.177177881555178,1.03271571223892
Coolname Galvanic,Lift,1.20433847665628,0.409602115739989,0.478034565144073,0.754637641541964,0.288351447000301,0.614507882550305
Cornelius Games,Shoe Thieves,0.893370353980608,0.918908023315879,0.770886992695991,0.119637095011929,0.347653012421618,0.326091880488851
Cory Novak,Fridays,0.677994186921237,0.276366723976283,0.290465613942078,0.177314616976487,0.56841307715162,0.665174562168735
Cory Ross,Steaks,0.40243982144027,0.922432607967705,0.817043700767446,0.720627537589753,1.01470396368622,0.476016711704036
Cory Twelve,Flowers,1.01180576192667,0.63507877892008,0.997242100247371,0.472467259024122,0.191588665985245,1.00231712661632
Cote Rodgers,Jazz Hands,0.080392741449379,0.366083976197286,0.865590999313262,0.0717804478269795,0.355817351932915,0.470902561233439
Cravel Gesundheit,Mechanics,0.930918572582439,0.705909472225527,0.792961511189108,0.557595747651916,0.00984147460818074,0.65178470994629
Cudi Di Batterino,Lift,0.599000022143232,0.850644400124404,0.641263125102351,0.269692826359672,0.259823177459511,0.859621317235959
Curry Aliciakeyes,Magic,1.13174511303001,1.18510731606706,1.02955751946959,0.877262236684437,0.800470500793466,1.12136113863602
Daiya Vine,Spies,0.216091312861629,0.586996302746752,0.523870231292384,0.198582845753906,0.717126561039055,0.944531291848892
Dander Permadeath,Lift,0.526429662168422,0.947093582978076,0.355504381112627,0.931391624965668,0.313826970363269,0.405834487028887
Daniel Benedicte,Garages,0.154688961208624,0.632597536791496,0.918570596996134,0.536070879150789,0.7911616827663,0.53443833137499
Daniel Koch,Tigers,0.146003610099799,0.636994512091075,0.417141628684423,0.443013123581482,0.507309258954442,0.544181391760072
Daniel Mendoza,Breath Mints,0.92746898838524,0.361198001905506,0.380400094233522,0.411609104883568,0.219896640097673,0.249438709791268
Darren Chill,Spies,0.574474817646601,0.299474578041901,0.286431164875393,0.56894821217451,0.102259331612152,0.822993100536477
Declan Suzanne,Firefighters,0.046075477723492,0.405853717734182,0.038166570107312,0.0507392311454886,0.0239135947001202,0.0328806950445996
Denim Squall,Moist Talkers,0.711157720050378,0.409161084361645,0.0739114537650636,0.968753637062169,0.862177910090829,0.532316121319729
Denzel Scott,Spies,0.995478857290343,0.42333318833365,0.33,0.72043697222774,0.33,0.402691400362129
Dervin Gorczyca,Jazz Hands,0.875525217355584,0.328887226590867,0.197986910036017,0.0503805173019289,0.678110838197277,0.389607308685152
Dickerson Morse,Steaks,0.479453661532868,1.18111581740173,0.627739571143965,0.687201220170877,0.544553412678579,0.267318865385086
Doc Anice,Pies,0.359045157546492,0.836036638726191,0.928114025008684,0.456019983682,0.144698401512421,0.598964610034841
Doc Cash,Tigers,0.687242227358234,0.396053332813062,0.177414623160725,0.450179385575757,0.892378762974315,0.437429028975842
Dominic Marijuana,Hall Stars,0.159459339434926,0.152025669150305,0.459792763579881,0.656289873022386,0.613156767774448,0.928894402720059
Dominic Woman,Tigers,0.0124986312395872,0.00768759469327285,0.167539818806503,0.814195353142509,0.155427862069696,0.11305762168311
Don Elliott,Dale,0.57291909613016,0.301381430329665,0.637878360844244,0.0475807376597007,0.270246606833711,0.03
Donia Bailey,Spies,0.369859979087208,0.11,0.16143730236012,0.235562072070877,0.970406574189828,0.682294131342985
Donia Dollie,Jazz Hands,0.603720922969862,0.100993466519033,0.452386064977846,0.528020899793792,0.664010586567791,0.661607499250693
Donia Johnson,Shoe Thieves,0.391439672382723,0.0341660403146175,0.662246517729319,0.0817720007962259,0.650337320580442,0.935152779386393
Don Mitchell,Lovers,0.767961125986117,1.21722850477549,1.14585264684488,1.33126597651369,0.416501951350346,0.538016930883482
Drosophila Hojo,Tacos,0.54325756736183,0.903150461163275,0.385091645780871,0.333892245675309,0.920521728443387,0.666652934443069
Dudley Mueller,Sunbeams,0.993867740033807,0.4012469898867,0.535560824748433,0.747213453042545,0.57395896544044,0.994650759735172
Dulce Schofield,Worms,0.62448712699696,0.85616122745199,0.774468462926792,0.0781841548631033,0.540143487515674,0.94311317681192
Dunlap Figueroa,Tigers,1.12316609731298,0.26623661209909,0.791483931749162,1.19905223233355,0.949371645890056,0.696068040963852
Dunn Keyes,Flowers,0.484261440878439,0.315022602149134,1.19990226802838,0.681703864034093,0.47774463227124,1.09837421037063
Durham Spaceman,Garages,0.922628163663572,0.954235396715146,0.456313781393338,0.74664377714105,0.481914205595417,0.158387006856136
Eddie Nakamoto,Mechanics,0.327284635286972,0.773579306856656,0.369789016749779,0.288182678406175,0.053742712148559,0.0908959229358717
Edric Tosser,Jazz Hands,0.403859762204214,0.577364077282213,0.714592215982182,0.402531111459981,0.168650799259111,0.811620988892368
Eduardo Perez,Spies,0.0968615461250457,0.301978144226905,0.829590959168337,0.701376509063851,0.237221441822462,0.874660398438805
Eduardo Woodman,Pies,0.324514176443664,0.975359775072412,0.354060496605194,1.08360149041926,0.530961685773,0.746708191201193
Eizabeth Elliott,Magic,0.458941046745657,1.1358647799972,1.26247134427346,0.58510068272957,1.36276902308148,0.586386798254646
Eizabeth Guerra,Wild Wings,0.091228758783175,0.657132037410268,0.0538662021516472,0.116528141137282,0.647820637370906,0.771358282715193
Elijah Bookbaby,Flowers,0.799877418847418,0.182286530902889,0.570203150950326,0.372446834451626,0.469060467115805,0.996335993934006
Elijah Glover,Crabs,0.192359305839379,0.495424023228751,0.618178667100453,0.754601440178643,0.860495977284392,0.500957104161329
Elijah Valenzuela,Jazz Hands,0.105978379061795,0.113866619624034,0.740781215723857,0.831700258259898,0.663504392989229,0.189618660850618
Elip Dean,Tigers,0.209904651738316,0.807355391034506,0.396720997318213,0.0343726901497048,0.514835379778246,0.172572098765841
Elvis Figueroa,Pies,1.13614307834558,1.07268244158255,1.15967462003643,0.786089463142958,0.721203266973143,0.461405308878185
Elwin Blaskets,Sunbeams,0.725401866484386,0.179163717974628,0.428122038574586,0.174410827114711,0.703383305130127,0.448952873891285
Elwin McGhee,Lift,0.52806835238167,0.587424410466859,0.454087810341761,0.706880482811548,0.343063648731406,0.326760801979081
Emblem Warhorse,Garages,0.296438078443019,0.0166650038405185,0.698350581426238,0.277359602395458,0.702778490264922,0.600569557661839
Emilia Street,Garages,0.118742128562818,0.507214390506177,0.518239344415317,0.997919161317659,0.805622089785513,0.706419824741958
Emmett Internet,Hall Stars,0.00597696141045079,0.798923925968973,0.751478102029973,0.324367756531519,0.64296109739247,0.687088345695773
Emmett Tabby,Spies,1.01153451137658,0.576134154737235,0.627872887818865,0.334004645075771,0.94840007507466,0.404503638648082
Engine Eberhardt,Lift,0.534535332397072,0.340539110891126,0.786781095318162,0.518221533181497,0.488288773006799,0.509329701790578
England Voorhees,Magic,0.642074542588296,0.0647981491928717,0.981156910282929,0.686403480198395,0.205636357728531,0.982283760651343
Enid Marlow,Worms,0.300407774025187,0.752735467034223,1.17465252765767,0.747548521757145,1.03114622153224,0.307466893203692
Ephraim Ladd,Worms,0.386990703368319,0.456857910361232,1.29895537123703,1.05642221321891,0.354270877587966,0.882528672825389
Erickson Fischer,Millennials,0.557084096175924,0.261529527415009,0.226862297284587,0.144808598277982,0.995206219224319,0.841667303643705
Erickson Sato,Wild Wings,0.105524467759192,0.213836092560207,0.343163187575972,0.311666955065147,0.429607790329441,0.286199742650209
Erin Beanbag,Millennials,0.888255351394805,0.226953510172206,0.0890157270740346,0.556801629242341,0.57051588620116,0.168509922877756
Erin Jesaulenko,Georgias,0.307943135661273,0.718737334911254,0.241972510604017,0.405347311062686,1.01810904709133,0.462679581330967
Eris Street,Tigers,0.663235315181341,0.725128220414787,0.874549431909573,0.879732533706501,0.385507814630898,0.00896260100463109
Esme Ramsey,Shoe Thieves,0.342667480876558,0.944890681308693,0.826402653442333,0.527989110523036,0.38560243431032,0.820036212153547
Eugenia Bickle,Sunbeams,0.80724601973296,0.550534425319316,0.573354287596981,0.161845492152793,0.846836124669321,0.883932549521513
Eugenia Garbage,Moist Talkers,0.99573526318265,0.68997015131203,0.794418297552805,0.781071964597908,0.595936281649962,1.03274886352468
Evelton McBlase,Fridays,1.02040605451399,1.18011105471162,0.494419218801222,0.566463015743431,0.86619480436002,1.42465221218395
Evelton McBlase II,Mechanics,0.746017747631595,0.917634776999804,0.190192769688114,0.235472395249121,0.536169506301729,1.04463739768165
Famous Meng,Wild Wings,0.337410882692969,0.0707196725736368,0.418650007786056,0.591273520412596,0.193449108989414,0.895627111165089
Famous Owens,Tigers,0.724615377905773,0.247898122052128,1.03654182481532,0.677023308726243,1.06549810846253,0.494992476793533
Farrell Seagull,Worms,0.63195522307141,0.690743284728942,0.507259835157995,0.447935260303369,1.16180854767881,0.826216426589405
Felix Garbage,Millennials,0.537506431653948,0.738184529035236,0.960005350068732,0.333265020918661,0.507309942007405,0.765171350678099
Fenry Marlow,Fridays,0.801154095809501,0.881289380178065,0.251128078749837,0.752841566259711,0.509167307925935,0.518600854473792
Fenry Wobin,Tigers,0.730140719483244,0.73528884854602,0.0935308173379585,0.0944471745819813,0.324417762276186,0.253987911146055
Finn James,Crabs,0.731702884249699,1.0471020273511,1.08462636620618,0.257314747121801,1.04206988236301,0.340050989274929
Fish Summer,Moist Talkers,0.31469607386712,0.513227002706917,0.112058340311989,0.417468976825721,0.232881758120017,0.726494113815154
Fitzgerald Blackburn,Lovers,0.980478960093874,0.982413397375642,0.849077417980206,0.73835044554277,0.775065467730298,0.411036406849283
Fitzgerald Wanderlust,Shoe Thieves,0.800082870642335,1.0089196816765,0.92751194205119,0.850862279277066,0.927306135346427,0.506888946929245
Flattery McKinley,Georgias,0.0602915140124169,0.766931314348875,0.780008228573554,0.0940671373336392,0.473377867840573,0.859151423002355
Fletcher Peck,Millennials,0.220598074372198,0.10235252242104,0.801711757268561,0.520888647888382,0.879897925828143,0.903140639551859
Fletcher Yamamoto,Lovers,0.546217147850816,0.522422487026712,0.178626708644601,0.476294337557847,0.584750155408188,0.469503257938833
Forrest Best,Crabs,1.12003309819775,0.883489109998617,1.19448046965426,1.06992411953478,0.712006346976183,1.04303997222797
Foxy Pebble,Mechanics,0.116258616481816,0.218805462085879,0.843661646322654,0.809130403301634,0.871621569452653,0.812831741199453
Fran Beans,Wild Wings,0.927238453113678,0.405674770974419,0.471639781973807,0.428341672380934,0.451158498980056,0.957398345480894
Francisca Burton,Sunbeams,0.267773334372689,0.336117316708674,0.644809371978166,0.717377271815841,0.112580381006067,0.603163378154234
Francisca Sasquatch,Dale,0.639156194141876,0.483994689527383,0.515823584848928,0.80743396547826,0.409525519179047,0.370058765173588
Francisco Object,Flowers,0.564848848684236,0.315103341242288,0.41410178128902,0.51353676877223,0.416393679883772,0.320669689472632
Francisco Preston,Magic,0.411817867376309,0.362555329740319,0.954120334852196,0.570120964691354,0.262565044679173,0.985173088023805
Frankie Hambone,Georgias,0.727359547913353,0.916273039972086,0.705580993256245,0.834286425056174,0.974187235479289,0.860464516270747
Frazier Tosser,Lovers,0.717519033634471,0.39426691353601,0.772228459939491,0.254360756110935,0.322517504789023,0.205475764221821
Freemium Fairwood,Garages,0.319440304845586,0.302663526641914,0.50248008425689,0.394517943722199,0.563460958574423,0.38901703946411
Freemium Seraph,Lift,0.136383564385604,0.351207138942779,0.503151331077684,0.97793042191121,0.239779567225335,0.854841161275936
Fynn Doyle,Millennials,0.588569646420252,1.02214142716483,0.783628970830303,0.602637937430736,0.866021092596671,0.617898317148879
Gabriel Griffith,Lovers,1.32772122000669,0.656126520161852,1.21716312359115,0.669854688197722,0.663961660787789,0.74684009901903
Gallup Crueller,Steaks,0.00228716132253215,0.79357830082283,0.318165048867136,0.320127346656659,0.872290823249825,0.821171207362919
Gallup Murphy,Shoe Thieves,0.268425554855019,0.173805562065176,0.246113677525126,0.994439858045124,0.920319794511732,0.660292087857336
Garcia Soto,Millennials,0.416783654084874,0.26153882108819,0.495335286601237,0.346310562343144,0.66468940866857,0.600107705816499
Garcia Tabby,Fridays,0.745534156239696,0.534420510265067,0.868679429168552,0.200609067693363,0.0498212695205207,0.756816584211516
Geraldine Frost,Georgias,0.393556603865578,0.906163204880893,0.721246089624933,0.943453508472637,0.690575725539879,0.800776201606332
Gerund Pantheocide,Lift,0.687278277548184,0.687672915871617,0.680085392851491,0.91463970909952,0.291935885791958,0.708949020691919
Gia Holbrook,Mechanics,0.445202714905164,0.818430862342971,0.821585708626825,0.497740284792506,0.87323255101839,0.680443482442274
Gita Biscuits,Georgias,0.244773538840502,0.794455848412321,0.832810133630322,0.578302378900214,0.995677789053504,0.694697570987165
Gita Sparrow,Firefighters,0.534551546738182,0.145278848453255,0.64865287670766,0.72082861752329,0.669725156777718,0.798018903107674
Glabe Moon,Flowers,0.265762712740174,1.05598385922642,0.960627357813528,0.56783917663723,0.891024465931553,0.654497929049997
Gloria Bentley,Dale,0.232590733781123,0.902480925246533,0.950850574511324,0.462974144700257,0.225036124383056,0.632742454781772
Gloria Bugsnax,Flowers,1.04819437236803,0.59899860014269,0.523347094520981,1.02066015427339,0.863830010329762,0.416781528712368
Goobie Ballson,Firefighters,0.892612023076256,0.529437921516984,0.562561911167662,0.901239131975246,0.18572499385705,0.221128049808869
Goodwin Morin,Lift,0.912818404369428,1.20416155367906,0.924708528962026,1.80969288860454,1.28863925169089,1.55738811146539
Greer Gwiffin,Fridays,0.953831027379483,0.355352416354183,0.738014161186028,0.225990232389335,0.832487262201215,0.394817495995512
Greer Lott,Moist Talkers,1.0120383715701,0.508439679242629,0.705598966294457,0.461753595881414,0.413436168170481,0.357509105462656
Grey Alvarado,Breath Mints,0.55173669253041,0.297746050549643,0.489627196103766,0.839428476894136,0.792437521105195,0.459472130221145
Grit Freeman,Spies,0.293658063934488,0.712663572541885,0.444416813299074,0.575899250186749,0.554197304541528,0.621997044949011
Grit Ramos,Wild Wings,0.910047030545334,0.0434147583251803,0.275099787574744,0.816102965038122,0.8198622600519,0.183169451271084
Grit Watson,Firefighters,0.638059979490979,0.611062782660783,0.541440573528322,0.250600252773379,0.440316914983497,0.200672243482573
Grollis Zephyr,Lift,0.653347643593922,0.615687444278749,0.560662900290619,0.748383529536898,0.159964123104105,0.447410530824992
Gunther O'Brian,Shoe Thieves,1.06051347606655,1.21551707588883,0.498013113042704,0.6423769231182,0.396686186180877,0.439596781840408
Hahn Fox,Sunbeams,0.978716702284184,0.349655544235164,0.468943880657612,0.464694140179297,0.909924472365132,0.686815111024417
Halexandrey Walton,Tacos,0.808953726133993,0.442768889917767,0.30627679620653,0.52134427730584,0.686401225140161,0.146756544596162
Harriet Gildehaus,Sunbeams,0.815105177569831,0.358699184058922,0.846687654107297,0.485855293113715,0.439593153797961,0.356479161906087
Haruta Byrd,Pies,0.684711977127285,0.189109004937605,0.746009048394336,0.602043119666025,0.360515213458018,0.75525249722796
Hatfield Suzuki,Millennials,0.642100947367284,0.581442604196564,0.579920741042825,0.750358010733946,0.565986065114795,0.0798300583817713
Helga Burton,Lovers,0.925252720426424,0.125479409073033,0.565972990912836,0.49665672111683,0.545411483072626,0.0904668686397515
Helga Moreno,Lovers,0.570030324324093,0.854289406786003,0.953996691676302,0.368873010482564,0.806636914321599,1.0437560068467
Helga Washington,Breath Mints,0.862502076886562,0.721260492553851,0.262368397836917,0.974698401585802,0.173580566566878,0.444584792093681
Hendricks Lenny,Breath Mints,0.753298847840908,0.144252844765664,0.446718220407982,0.623355904282628,0.223087432303418,0.171825377734911
Hendricks Richardson,Sunbeams,0.569067559042708,0.295324499521655,0.03,0.357821817602824,0.421236601384389,0.575743863953883
Henry Marshallow,Pies,1.10602276524057,1.38112519321971,0.423292106134733,0.774137946651451,0.821668020409787,0.745638891740001
Hercules Alighieri,Georgias,0.697002035183112,0.289160343922124,0.948072156172587,0.239947299251655,0.479345037020457,1.00722945104347
Hercules Lincecum,Crabs,0.0119618195702513,0.750135350078478,0.402196645984645,0.878586220054974,0.525714506886615,0.753576055418831
Hernando Winter,Jazz Hands,0.587161116503549,0.912724897542163,0.525984694370326,0.192226715945325,0.866476881501946,0.0608958401161328
Herring Winfield,Shoe Thieves,0.86169092993205,0.0762660635476306,0.257487620507582,0.685176407984763,0.923260138412827,0.963743976801719
Hewitt Best,Breath Mints,0.532564561686017,0.868368011262585,0.533659699126285,0.425276435918533,0.221559146513382,0.963476733645935
Hierophantic Foible,Breath Mints,0.419711097269696,0.54749915622838,0.329964868792257,1.00198276312836,0.0560837848137281,0.308961545346086
Hiroto Cerna,Flowers,1.05193495603688,0.627608975112982,0.776017291674108,0.45853342530715,0.508447069965897,1.13415388921798
Hiroto Wilcox,Tigers,1.10892628132787,0.488923005578086,1.04888572775436,0.771052049903719,0.337882430311533,0.826826404431769
Holden Stanton,Steaks,0.209008840403383,0.216626113667694,0.0445718141496246,0.247038470793928,0.236777859851845,0.381488673111622
Hops Slumps,Fridays,0.0644800812553996,0.604128172190592,0.357617123200071,0.246222116226541,0.722011686516195,0.664914642196213
Howell Franklin,Shoe Thieves,0.208292667639869,0.205080043615203,0.363681798551866,0.660045640658015,0.217137383056406,0.611860517585444
Howell Rocha,Jazz Hands,0.869090323606114,0.680909651644919,0.946363844346966,0.79647769115785,0.411779712371713,0.479378090047788
Huber Frumple,Pies,0.597860458014911,0.522107246178493,0.461289571665382,0.981712776945774,1.47254950341458,0.79097552336565
Igneus Delacruz,Sunbeams,0.656413977413805,0.01,0.601752113149782,0.01,0.564536606560789,0.199594725035333
Igneus Mcdaniel,Wild Wings,0.925190869745882,0.210289620791084,0.332666880447164,0.640676520556486,0.987658741384621,0.316437956405672
Inez Owens,Flowers,0.334857928779356,0.0799249864111545,0.59011342539601,0.274333840430848,0.794608608445541,0.942907957782976
Inky Rutledge,Magic,0.489943912026559,0.270221381211344,1.1595661899888,0.879710146345261,0.750921028818443,0.566200568954274
Irnee Fiesta,Firefighters,0.962620255909589,0.665301950694143,0.284113997627627,0.155393807946073,0.264155885193675,0.652158594414192
Isaac Johnson,Firefighters,0.670333839179791,0.389141323166939,0.381089370399187,0.944850145031108,0.778158539440301,0.0247038160029638
Itsuki Weeks,Steaks,0.427569647425594,0.84986492029447,0.922244371263845,0.801287055669804,0.638777509564928,0.620604254889408
Itsuki Winner,Fridays,0.579714107696943,0.869358139537883,0.790155981685852,0.213049471856939,0.408363551718589,0.479230887587651
Izuki Clark,Steaks,0.0185595454248439,0.8760407279977,0.526541146172752,0.305364543730066,0.552747807574922,0.143866203550545
Jacob Haynes,Flowers,0.980024834035881,0.417550749531701,0.771231638289689,0.170880193414635,0.39208016422471,0.855106038007578
Jacobus Harper,Millennials,0.284659183601353,0.584830897134709,0.135366897141783,0.855579382097816,0.186400501174177,0.575704648366705
Jacob Winner,Fridays,1.04571321125965,0.35855517981005,1.19232976764496,0.533948058362331,0.85530915100494,0.437910389599047
Jacoby Podcast,Crabs,1.07447414691338,0.642676676458544,0.65582502651974,0.932817307235682,0.197179674891294,1.02381137368811
Jake Swinger,Millennials,0.466562471720401,0.315875388091581,0.0898709231488046,0.000935472871832266,0.901740279683332,0.536739644008837
James Boy,Breath Mints,0.139216713356586,0.735543013860936,0.954958527794229,0.409273836244122,0.078188988751098,0.64496394777031
James Mora,Magic,0.711172240142968,0.966793094646187,0.901832296689717,1.22424663778563,1.40341495487157,1.17777829990544
Jana Beats,Lift,0.352424785812461,0.77848343529714,0.394964885133156,0.946870671357813,0.0591053585877459,0.991646598968744
Jan Canberra,Georgias,0.792875640320548,1.14410798903318,0.457907795634231,0.494262643045338,0.66548273931314,0.835835256910558
Jasmine Washington,Dale,0.653519119569496,0.27384176748357,1.17957247727033,0.820988178550222,0.403108269117948,0.277893022314791
Jasper Blather,Wild Wings,0.705388071096114,0.237008310684243,0.866794346587569,0.647793019126841,0.258707086320386,0.872435518512416
Jasper Destiny,Flowers,0.214471554504211,0.308197733178364,0.0116594048101519,0.715492223057572,0.597575116915102,0.704157135575513
Jasper Ji-Eun,Mechanics,0.131835780243007,0.762654571752408,0.695769195681211,0.851354147360677,0.380585092590541,0.299955561630461
Javier Howe,Crabs,0.31953047584997,0.456508079859863,0.884976503618392,0.864140658939695,0.772826404294328,0.761684047828625
Javier Lotus,Pies,0.270303069258967,0.270722763378701,0.107194695691077,0.798412600736296,0.621886153333492,0.489265319430708
Jaxon Buckley,Pies,0.844990004292759,0.581291566610176,0.704560246478064,0.507502993090038,1.18478455025532,0.919837595253835
Jayden Wright,Sunbeams,0.84540772592675,0.756174097465155,0.774936249638386,1.00866187283029,0.359169799730757,0.821717794741853
Jaylen Hotdogfingers,Garages,1.06889826198888,0.882210294357294,0.931925742445267,0.686428440605475,1.00909759483656,1.02074172870328
Jëff DeShields,Georgias,0.30578682147353,0.511386038101836,0.539196613348538,0.152909450010279,0.668282201624333,0.0400558912029549
Jefferson Delacruz,Pies,0.185704814061034,0.386775251790918,0.205741188161927,0.0048814072457446,0.0970562909798669,0.683662833397273
Jenkins Good,Moist Talkers,0.89006247145337,0.53607703450526,0.817704660583639,0.111600574558805,0.0888044270184154,0.25686818648781
Jenkins Ingram,Flowers,0.322685587538156,0.457673833329088,0.832095169912385,0.791389783785768,0.177424655155973,0.754382398650334
Jessica Telephone,Breath Mints,0.522180317478282,0.689242793418783,0.400183163906358,0.995736903944479,1.00287743181241,0.554249077118441
Jesús Koch,Moist Talkers,0.198392253479015,0.742761638669055,0.3766434312349,0.689650086928566,0.525865406202443,0.832585471685627
Jesús Rodriguez,Pies,0.679646075272589,0.284989370081965,0.191236950531475,0.18666156407427,0.808921425403447,0.391037655985045
Jode Crutch,Dale,0.034111418779917,0.720243004140507,0.387874037008114,0.161641737175733,0.460444092061525,0.885990733405132
Jode Preston,Pies,0.252028930587317,0.334331097014741,0.545039149796317,1.08839375571635,0.202933739662298,0.221074228948051
Joe Voorhees,Sunbeams,0.179910676495001,0.880948336064848,0.619711514207545,0.126085787452102,0.172800712438027,0.197294580352672
Johndan McGhee,Lovers,0.362450664112242,0.697523959956264,0.76835326270108,0.85102080391755,0.308216302585214,0.391514889167603
Jolene Willowtree,Mechanics,0.928760877282694,0.639164089240059,0.279132430390834,0.29969307814162,0.564257233929004,0.723821777007499
Jordan Boone,Breath Mints,0.602443483875178,0.0369439374084339,0.621870136054215,0.17250018327421,0.268591763865699,0.460819364662827
Jordan Hildebert,Spies,0.34230684472438,0.965350282324576,0.958417071732195,1.08999914092976,0.201770148167112,0.939021563619219
Jorge Owens,Shoe Thieves,1.01974712392197,0.614790265049477,0.102560754409029,0.910935175086173,0.321069260320288,0.829131701007564
José Mitchell,Steaks,0.176631508595306,0.0936626300318273,0.278160740056138,0.893066577268695,0.79438590435509,0.275936459560103
Joshua Watson,Breath Mints,0.440357111686766,0.716614404095107,1.21124599970323,0.667699772511061,1.09003207534311,0.420713123302097
Joyner Rugrat,Crabs,0.665591051477235,0.102215615545565,0.483843053747016,0.00334201624955077,0.801162661967676,0.855528763390636
Juan Murphy,Magic,0.857236964412899,0.984025424992733,0.0385145660361674,0.793790965189582,0.635422848364499,0.756194635596297
Juice Collins,Fridays,0.952719132307887,0.664220926875929,0.947313651949534,1.04363799284357,0.968068471379259,0.28481026014622
Justice Spoon,Firefighters,0.01,0.506608748966021,0.165222267427351,0.355461230844839,0.535871530739088,0.01
Justice Valenzuela,Breath Mints,0.781376275081587,0.788199164564548,0.38823827749329,0.701935875087407,0.579671500681006,0.070902956145513
Justin Alstott,Tacos,0.629383563947572,0.442202183341826,0.606150291254062,0.635536323162464,0.0905247900433537,0.186752037986869
Kaj Murphy,Mechanics,0.885027998685303,0.180424214470687,0.854448601875544,0.284667003405878,0.949083063622316,0.964021071093604
Kaj Statter Jr.,Sunbeams,0.420675535103761,0.838459224583477,0.19580355234185,0.106294230239284,0.755296719403496,0.523963344575035
Karato Bean,Spies,0.963358558626488,0.328581644479009,0.147888759442253,0.768042482413178,0.210480661194468,0.926951884035089
Karato Rangel,Lovers,0.494337357695441,0.801333764034262,0.985984022928943,0.265805088978514,0.804918717236568,0.889036157142211
Kathy Mathews,Jazz Hands,0.369849753628694,0.363244267672487,0.866195718810265,0.42253604178659,0.832224111654277,0.0888259527391329
Kaz Fiasco,Worms,1.00304098866632,1.0470723956543,0.478828526725349,1.00251402313918,0.247336105788902,0.608964321237437
Kelvin Andante,Mechanics,0.465873260134781,0.653666518082722,0.444320242656903,0.861458457020692,0.979044164949286,0.969664269665292
Kelvin Drumsolo,Mechanics,0.220084352313992,0.0877666512358985,0.331047043576667,0.682147631804522,0.809225307659398,0.868678055959882
Kennedy Cena,Dale,0.01,0.618648164615588,0.362785240124188,0.01,0.396033901732595,0.01
Kennedy Loser,Crabs,0.770686416175449,0.290325965724412,0.913917025792073,1.22787711276555,1.02290095355254,0.911783054841101
Kennedy Meh,Wild Wings,0.679778012291155,0.303397812048917,0.0783597586136655,0.57940376147553,0.195135367389012,0.157056793314779
Kennedy Rodgers,Firefighters,0.764555203730596,0.874456254034083,0.469953492018213,0.308410864241996,0.823850710109576,0.558354660625978
Kevin Dudley,Tacos,0.741484095931616,0.743703831738093,0.24794003028781,1.00023426927658,0.330275561267595,0.284554406773783
Kichiro Guerra,Lovers,0.294026591458504,0.344220172820547,0.48349858766641,0.695771358868499,0.946599754790546,0.137353871672445
Kiki Familia,Hall Stars,0.498902530463832,0.255181776712848,0.349240934293474,0.343612098612577,0.269693743381337,0.988131985350757
Kiki Junior Jr,Flowers,0.0702264135600723,0.366037844934539,0.209816260706431,0.719771981529788,0.816525691441377,0.588039332172428
Kina Larsen,Breath Mints,0.19799147285222,0.908674064292198,0.479937405569415,0.645214189883313,0.449017274524908,0.369934565293363
King Roland,Lovers,0.85109348325139,0.477736450231995,0.551755759310386,0.32784847830261,0.0941931207544804,0.225069603294658
King Weatherman,Magic,0.779196616727987,0.591040799894823,1.18890001206997,0.953217109334632,1.26153532213581,0.909481312475831
Kirkland Sobremesa,Magic,0.187862049904769,0.1303475183994,0.07796685280715,0.107475126542233,0.278509676685808,0.948318730224517
Kit Adamses,Steaks,0.366625785646847,0.748413586979422,0.141460631633957,0.820894246502166,0.112921253368039,0.251325404516428
Kit Honey,Lift,0.14194665361441,0.254768647423759,0.631058566982438,0.358534585535038,0.0459540525268487,0.691041362775506
Kit Ratoon,Worms,0.409663839213224,0.731133115988326,0.156806265343651,0.327435584605494,0.192568358987231,0.531601854366045
Kline Greenlemon,Steaks,0.195091268506205,0.510353327659171,0.924631558269425,0.989012199050485,0.574967224497975,1.00744426589116
Kline Nightmare,Wild Wings,0.439575797479951,0.805014700443927,0.735220347594233,0.0534384571114259,0.983331126156208,0.702030891648236
Knight Triumphant,Lovers,0.591860583713754,1.05143555786849,1.18552453823385,1.16928549864173,0.453895751158462,0.575926949163763
Kofi Gildehaus,Mechanics,0.688729038805876,0.875426765620128,0.644004515736727,0.7699170724475,0.0587798671756763,0.73813367968121
Kurt Crueller,Magic,0.985646174267748,0.865866689748498,0.62576921006056,0.658822165745336,0.572692934619388,0.250218921632337
Kurt Ultrabass,Georgias,0.354563157284816,0.0882887363852078,0.821957318879934,0.931096869523148,0.506128831588201,0.364273793404707
Lachlan Shelton,Moist Talkers,0.657457306131232,0.112896009578384,0.374408136148859,1.03859729058191,0.666971677685097,0.238267674146734
Lady Matsuyama,Mechanics,0.33767762086251,0.78370760346924,0.663407385802031,1.04836332736772,0.485272775236871,0.693911321979146
Lance Serotonin,Lift,0.229819785860371,0.514907498072732,0.407572175131014,0.479634491449199,1.19043555657651,1.13499838403576
Landry Violence,Hall Stars,0.454675401362792,0.159735547385333,0.148273043683196,0.717992082409493,0.884841139248329,0.910439989709984
Lang Richardson,Pies,0.470260876184341,0.167258245405629,0.0694112225198396,0.955857305226738,1.01134859060244,0.460123514451552
Lars Taylor,Sunbeams,0.691025957288742,0.251836183532184,0.301981336791807,0.443543503027069,1.12845930829564,0.788656296037086
Leach Herman,Steaks,0.761908244430402,0.726538837510274,1.05171128031036,0.530686172771925,0.652107285654824,0.874891046730873
Leach Ingram,Breath Mints,0.415525345259111,1.18564033224818,0.942170262498146,0.874978033544058,0.73246438518298,1.31872851604179
Lee Mist,Dale,0.664949377940916,0.715581584968444,0.411588530344349,0.87582714367532,0.374845214394595,0.714515626551266
Lenix Ren,Tigers,0.0938397212682818,0.780987365299155,0.401232240731154,0.370974168483299,0.766754247953866,0.488764509505675
Lenny Crumb,Worms,0.652310357552644,0.724104199261497,0.175542199225074,1.00079398685495,0.2267206131234,0.996428894113041
Lenny Marijuana,Garages,0.592667438341281,0.945777940793377,0.130088077798437,0.142898964719019,0.898546219529894,0.707726770269151
Lenny Spruce,Flowers,0.293772893222671,0.804839345736843,0.224780721597129,1.06220838460006,0.817460044197701,0.723846163771481
Leticia Lozano,Fridays,0.27305963769965,0.0616898671001469,0.92129817606401,0.394650823243669,0.763937824973396,0.230546434426389
Leticia Snyder,Garages,0.982179850166977,0.0767333362474043,0.640770017394177,0.146006029641029,0.99638146341428,0.341617232391032
Liam Petty,Sunbeams,0.775468524683157,0.480699142125472,0.157403368611203,0.886737479671217,0.888446628283205,0.772490261261412
Liam Snail,Dale,0.750469004407337,0.623089174306582,0.851148878184985,0.954499571803309,0.861367711607169,0.890648852134818
Linus Haley,Tacos,0.20634451562892,0.271127075746799,0.70425616360638,0.363376309727641,0.0393848592213921,0.189708180172442
Liquid Friend,Lovers,0.360252907130165,1.05863585624708,0.808413366154237,0.214359977358082,0.786694976049612,0.262577056818939
Lizzy Pasta,Fridays,0.191664901383036,0.829270211610422,0.968778726972661,0.710305463258472,0.184855590161237,0.712330144266061
Logan Horseman,Crabs,0.806638604648319,0.213560587512787,0.729339920670806,0.692247007916031,0.910041639110701,1.08996453030656
Logan Rodriguez,Magic,0.391750016819771,0.962318533414268,0.593665151010902,1.13576551745575,0.666885298966048,0.725080309257145
London Simmons,Moist Talkers,0.543816004999883,0.892261490015953,0.206825435196249,0.356465344606099,0.266160938905323,0.357720315581413
Lori Boston,Garages,0.117844112167492,0.99490253820554,0.460596900527505,0.020383074820959,0.659879781460172,0.935522222182505
Lotus Clutch,Sunbeams,0.383608538015407,0.364041968435432,0.604703846224295,0.148650513720155,0.224214125047677,0.600015190519217
Lotus Mango,Garages,0.477686007903728,0.220627312369939,0.750411747439529,0.679204704004602,0.594372638911832,0.579191007611727
Loubert Ji-Eun,Worms,0.445892965770836,1.13984057400368,0.702076208325044,0.628066831451753,0.923595307315319,0.543598649154668
Lou Roseheart,Firefighters,0.835425453559736,1.00171339037953,1.01997648322098,1.21551064161764,1.07631292888387,1.10465778461115
Lowe Forbes,Jazz Hands,0.452975802787856,0.38634081659031,1.04783996127994,1.36072028498625,1.27219629641288,0.405715318483528
Lucas Petty,Breath Mints,0.910524812900252,0.515976450680935,0.45603941075507,0.752335520673515,0.318977393638455,0.906436325118824
Lucy Tokkan,Pies,0.995562383461404,0.26375848576999,0.901966011881885,0.973019769074615,0.321804615995111,0.180979681583284
Luis Acevedo,Crabs,0.0993447161720307,0.246413854516253,0.762308469199621,0.706165766883049,0.608268278723378,0.777412488862757
Magi Ruiz,Garages,0.831780160766234,0.310715873224221,0.788977362624906,0.950302016506103,0.915489734519678,0.182087308368333
Magi Uppercutski,Georgias,0.329054933404039,0.624742944706255,0.14474577652861,0.787299444566141,0.471503578344842,0.0745386251631004
Mags Banananana,Millennials,0.794746750477327,0.180430754564496,0.900412076966642,0.383548763692154,0.465061927706068,0.0926464228992818
Malik Destiny,Garages,0.730240238002459,0.08953577007214,0.855189690666533,0.479430989835023,0.706835617247426,0.711460691056157
Malik Romayne,Spies,0.148717428333951,0.799040759263465,0.660580594636864,0.473142195987394,0.983258704418907,0.13
Marco Escobar,Spies,0.687172089121569,0.223479834946899,0.534295808605001,0.789029400421608,0.775049523563596,0.491529465590878
Marco Stink,Breath Mints,1.12875622102804,0.571444157992077,0.649198147652478,1.07453498928775,0.355514585426433,1.25281649365996
Marco Winner,Jazz Hands,0.40351060067914,0.28987280541692,0.446004232407875,0.830300149706538,0.0416768115941963,0.42861522233494
Margarito Bishop,Jazz Hands,0.0633289436307385,0.0996216885886281,0.96058220526997,0.256842643107506,0.149542907759982,0.653604561903304
Margarito Nava,Flowers,0.336737159782122,0.913774529113725,1.2045387159426,0.959480825569237,0.516570391905765,0.761559960511355
Marquez Clark,Breath Mints,0.318733995877196,0.888015583507487,0.286445090247867,0.697312774437931,0.118452629857318,0.467430436176212
Matheo Tanaka,Crabs,0.803268980436913,0.382414216417629,0.630027702510334,0.414498220817311,0.655152814588563,0.203763151004236
Math Velazquez,Spies,0.61674669207508,1.02534070207933,0.630045244636579,1.30226009701549,0.64276266057787,1.29072136869894
Matteo Cash,Wild Wings,0.0843023919952288,0.90720332682654,0.719201598751138,0.63096282046525,0.318204697685301,0.273055156952535
Matteo Triumphant,Tigers,0.610943085721793,0.71177283814038,0.753600605940612,0.483030137488764,0.660844012048797,0.141144311937458
Mayra Buckley,Fridays,0.740556550559406,0.047636822062328,0.570316962484506,1.01708322451605,0.308552924848668,0.952524944515246
McBaseball Clembons,Tacos,0.783811708739114,0.815620964937764,0.430360307427416,0.750825423161442,0.269173894074466,0.202328335987403
Mcdowell Karim,Garages,0.55883770350096,0.836292416100373,0.631547981872749,0.496029231363364,0.674458181950835,0.215815928873515
Mcdowell Mason,Tacos,1.01805537451062,0.556432248103672,0.397832725993827,0.833199985899738,0.718367293981697,0.855673668004944
Mcfarland Vargas,Pies,0.842297115074217,0.286164249694918,0.187949799143483,0.34850304608234,0.349185140422093,0.810602623494298
Mckinney Vaughan,Fridays,0.16626553690152,0.655251437581224,0.251469267738049,0.824865128942315,0.205026126283771,0.712527509879292
Melton Campbell,Fridays,0.367486925865644,0.89545528025041,0.806274563368964,0.512431487940687,0.772314902473129,0.0822200418340755
Melton Telephone,Magic,0.761249358562516,0.793648681976388,0.977032962030725,0.0874405168669101,0.736405676140743,0.281259687803081
Miah Jesaulenko,Georgias,0.461273856946056,0.863208388341468,0.179127550821375,0.0976264709107619,0.982156850867848,0.234007111434754
Michelle Sportsman,Tacos,0.982615180541204,0.242955030944708,0.936871575072219,0.765543236547679,0.310828125548654,0.335021133314737
Miguel James,Sunbeams,0.677363781562432,0.332296862054047,1.04986329580931,0.696129029853759,0.521900648132124,0.163443690174999
Miguel Peterson,Crabs,0.665465836057034,0.580550306500512,0.318034555908212,0.541583751922619,0.888678232374387,0.218649449328813
Mike Townsend,Garages,0.247910531549628,0.480766068030917,0.204684958205868,0.635155733378871,0.606883476751157,0.301081354385475
Milo Brown,Lovers,0.147623476472646,0.505268721819622,0.449643509671912,0.798425028011455,0.493424545040716,0.737774522473513
Minato Ito,Steaks,0.525919899783927,0.955047187624555,0.110088099013398,0.739220963478289,0.286791469551044,0.571029636738363
Mindy Kugel,Mechanics,1.0210974010668,0.806193599666763,0.821782535033354,0.824459736904865,0.241131710789287,1.02625135975378
Mint Shupe,Georgias,0.4409285142634,0.377788057746876,0.227806137102522,0.284424987174852,0.575443085393218,0.894402237665609
Mira Lemma,Mechanics,0.440246145571573,0.34296775357786,1.03944781120733,0.832635436443569,0.856648797128982,0.528465335566336
Mohammed Picklestein,Spies,0.846219070983335,0.373021131174126,0.760260496425204,0.259695703425832,0.783453176202969,0.587159706454384
Montgomery Bullock,Fridays,0.53046949154201,0.510311270971936,1.19056841498279,0.318522565109456,0.33566264159769,1.03943133520811
Moody Rodriguez,Tacos,0.0249409666429854,0.706923223633223,0.215850728864283,0.697091482175344,0.638923342602977,0.299284439672487
Mooney Doctor,Moist Talkers,0.431928153473098,1.0129354318745,0.560553918846146,0.859045667365808,0.995681418755919,0.24024085356451
Mooney Doctor II,Breath Mints,0.670508890763028,1.25378930665061,0.810740750806343,1.09553637673123,1.25603880573113,0.473172461671593
Mordecai Kingbird,Georgias,0.834546250315115,0.00525551237957966,0.880068474732253,0.185264776967581,0.737220389919155,0.558377483407968
Morrow Doyle,Hall Stars,0.224715273826135,0.103158976886077,0.48224278774563,0.969437802398977,0.212242143815099,0.453388101318994
Morrow Wilson,Spies,0.586770606203132,0.01,0.01,0.273674056696055,0.10941638646308,0.01
Moses Mason,Flowers,0.785109448520778,0.396871768203918,0.133784732301699,0.295000695123979,0.387840994813967,0.879208808300638
Mullen Peterson,Wild Wings,0.574806180251126,0.450527442439697,0.53627932834239,0.599005945625527,1.10170157243203,0.799249359955296
Mummy Cantburn,Pies,0.592184992346774,0.239304637363439,0.623505238729993,0.437026049638684,0.972225284458583,0.412071711384556
Mummy Melcon,Tigers,0.885309820605608,0.64686193533476,0.237774143056554,1.04752633378624,0.672981049543435,0.845303018486814
Murphy Thibault,Tigers,0.330871954470604,0.375202227108931,0.172154382587941,0.738851281155695,0.190389098201741,0.169796969670233
Muse Scantron,Worms,0.44428661434203,0.275894134064376,0.262085704433824,0.74686041020806,0.293152273509674,0.220739703023894
Nagomi Mcdaniel,Flowers,1.08716807929578,1.26791728630429,1.41276242883863,1.48282050021541,1.07874057460337,1.45669588929135
Nagomi Meng,Tigers,0.428498283650233,0.315253765865905,0.564091717022924,0.79508796721583,0.82762143573018,0.316954824983849
Nagomi Nava,Sunbeams,0.359750669902682,1.15569667641565,0.592264156965975,0.605810785285799,0.903002545223777,0.404379166867092
NaN,Worms,0.421633953779781,0.172318527231594,0.220905695460175,0.154659696918071,0.176138372349288,0.183471373425922
Nanci Grackle,Georgias,0.384886833134362,0.973192021977054,0.779116459763054,0.985613321636535,0.66454616572675,0.374392533070202
Nandy Fantastic,Millennials,0.65778069725167,0.520643258955252,0.328633375092051,0.0597074057056065,0.619508923277159,0.125118386520492
Nandy Slumps,Lift,0.398173443081586,0.668787188442295,1.01391619941751,0.974000567163396,0.812909404422159,0.729712711983611
Natha Spruce,Moist Talkers,0.0462193391042409,0.683535926625101,0.133172507455343,0.815051190973865,0.445011715982724,0.0882502478481683
Neerie McCloud,Georgias,0.385341850475757,0.145203170405017,0.383177070560817,0.122675979008207,0.678372849613487,0.116466805687834
Nerd James,Lovers,0.254829217879611,0.00208352597951289,0.791646923751178,0.30229755203692,0.189285042441971,0.171283461628076
Nerd Pacheco,Pies,1.06635052514136,0.272113040701966,1.08771954204435,0.608133668896335,0.484500099887758,0.932211692996923
Newton Underbuck,Sunbeams,0.0294282964962462,0.237644853197873,0.946492045679925,0.292094785926678,0.0293671172043273,0.292439311315097
Nicholas Mora,Tigers,0.343723261507437,0.553609285421861,1.14094838757259,0.367344816593597,0.431032404206395,0.482329623654022
Nicholas Nolan,Fridays,0.310028798818648,0.498679508112312,0.272487303695141,0.982362528572766,0.164119453545567,0.913701562176263
Nicholas Summer,Spies,0.633263131389149,0.146550174226304,0.497383725173261,0.497865018173046,0.0965562264355049,0.672174071865419
Nicholas Vincent,Tacos,0.467342397096366,0.331124416628506,0.696326063208236,0.773423044246246,0.0853186396836294,0.033926687774775
Nic Winkler,Flowers,0.315674562173167,0.612528428374113,0.345560123810325,0.896978559186752,0.771393443676819,0.867422406784904
Niq Nyong'o,Georgias,0.837067533776693,1.03655680301542,0.263148578759329,1.14209624073148,0.942312324348581,1.01785145156172
Nolanestophia Patterson,Garages,0.320639936466812,0.780861869934842,1.05323401325166,0.4997898273501,0.352252807214646,1.00695354949975
Nolan Violet,Spies,0.253245205164508,0.645012723745783,0.395206792855703,0.971349019946931,0.25284183270168,0.143754125273484
Nolastname Sokol,Magic,0.22254870775359,0.25066690291694,0.5201987173197,0.618592832986536,0.0168533004215214,0.648864287592869
Nora Reddick,Millennials,0.518766968418357,0.578391927832804,0.117788306739762,0.175460670813674,0.861021949094712,0.676048330666739
Norman Muggins,Worms,0.488250314120908,0.139688128796625,0.95752116755337,0.475186005740394,0.208659957703986,0.13494859764111
Nucleus Cresthill,Sunbeams,0.741406330085533,0.777076671922086,0.225047415272726,0.0321154491867333,0.742050049360456,0.411178937722177
Nucleus Street,Lift,0.0838854152864819,0.920057059432499,0.791015777276358,0.117668469183861,0.576615394081726,0.137986955375053
Nyx Snapjaw,Worms,0.978345048045847,0.174871191913154,0.0139274164177667,0.666461710012159,0.0392117723364405,0.806507442114184
Oliver Hess,Shoe Thieves,0.538349924018237,0.963391990871437,0.260404817691807,0.671174609909369,0.204658770842988,0.348774018361233
Oliver Loofah,Garages,0.265456981504917,0.9779393012279,0.745791947861145,0.750853665893214,0.195498883542039,0.213529435120259
Oliver Mueller,Garages,0.760742209895823,0.317366510313871,0.802887950046783,0.682272724451471,0.143645234815703,0.640238558249903
Oliver Notarobot,Garages,0.401547693678018,0.792995098021596,0.447852190960936,0.854725276305185,0.377040059916058,0.434422364673237
-onan C-m--,Wild Wings,0.422360400273894,0.754356116404018,0.422139305862257,0.326863947663585,0.244187342914214,0.248804109930271
Orpheus Yardstick,Firefighters,0.199444980973116,0.778496276529192,0.90524428621197,0.641928941286407,0.210918842568329,0.215177762011725
Ortiz Lopez,Lovers,0.588347802715821,0.73125578442095,0.973739649402177,0.940772801829998,0.892418662656847,0.572556114704702
Ortiz Morse,Garages,0.073340595918426,0.858185379955275,0.536387399434085,0.676852677525872,0.789422065244803,0.152691786743621
Ortiz Nelson,Tacos,0.45797473477877,0.121706395328612,0.807808701267526,0.795112938953757,0.554428611946861,0.922729216087415
Orville Manco,Steaks,0.720645204003489,0.725363106590612,0.841665041246892,0.168332181066532,0.756867537686209,0.488117263862936
Oscar Dollie,Magic,0.356334540532092,0.975321456655096,1.10544850468352,0.760965883533014,0.914680009829905,0.39398551876501
Oscar Hollywood,Spies,0.55794884105281,0.918724154992019,0.350083127027639,0.432075622376383,0.162966054960558,0.474375609933749
Oscar Vaughan,Breath Mints,0.768335512728915,0.843810702839505,0.358239015148129,0.300254295004401,0.21053429229931,0.486009959122134
Ovid Schofield,Mechanics,0.304340623920346,0.226083467308038,0.912157267669703,0.466648622864983,0.36836070597223,0.270559543068832
Owen Picklestein,Flowers,0.355070137724615,0.273725990687112,0.50690642529905,0.345757073170234,0.981070728071606,0.852871514034823
Pacheco Weeks,Tigers,0.847037872715297,0.92705706968945,0.17907957536295,0.286649738922808,0.24782677869261,0.599125927215735
Parker Horseman,Spies,0.264662541557161,0.730896137591442,0.234969056281072,0.304802844384314,0.234482970122573,0.659783084306516
Parker Meng,Lovers,0.95106173733773,0.667273099254846,0.871695693166234,0.808410992393234,0.735721114019327,1.04269076879018
Parker Parra,Crabs,0.0914154458082007,0.649595332465485,0.854088886333642,0.617484552316682,0.168978539135369,0.337020526297633
Patchwork Southwick,Worms,0.49337708048183,1.15027729221742,1.23491991679993,0.286009264474566,0.690521602482542,1.14739662738093
Patel Beyonce,Steaks,0.824629889192404,0.921873499840023,0.326579066126767,0.621604134736416,0.144417904825661,0.433167929129823
Patel Olive,Firefighters,0.573687812794555,0.8837132672185,0.566561118710454,0.0372765541524809,0.728599383525806,0.366914565851988
Patty Fox,Millennials,0.757868289301259,0.216308651611074,0.929624140658352,0.582894797914443,0.321640421211552,0.1930124834525
Paula Mason,Tigers,0.795920034451561,0.646089120971773,0.559006863381855,0.233773134125859,0.450649232384036,0.686207762174351
Paula Reddick,Sunbeams,0.418673812295635,0.818546676953526,0.144768021818783,0.824207870941287,0.845386062842027,0.778844145138621
Paula Turnip,Tigers,0.719462390257713,0.000151254657864364,0.619697933915173,0.364920101779685,0.781365675287683,0.305825125851185
Peanut Bong,Tacos,0.480057889836042,0.292181150980944,0.137680043641183,0.392148084535968,0.451360001514768,0.859937777547209
Peanut Holloway,Millennials,0.588934311904203,0.919687009353494,0.722433509920696,0.436348128650683,0.888945952974069,1.0934991334683
Peanutiel Duffy,Firefighters,0.796743910148689,0.614970927295079,1.01049250524711,0.223554906561952,0.681555897294752,0.410115009388394
Pedro Davids,Crabs,0.953703342919361,0.494593963413462,0.339906249118105,1.03220925445126,1.23811778154089,1.20049656865787
Peekaboo Nameperson,Spies,0.878125324826921,0.634155504444195,0.0592671536076512,0.233223425440863,0.873606825173575,0.364765948575431
Penelope Mathews,Millennials,0.977790193045609,1.11441486513071,0.888199501279299,1.24041431631529,0.733424991032627,0.701578469257607
Percival Bendie,Tigers,0.662381652076208,0.536987097766624,0.924381440056913,0.113733144702148,0.479257491876814,0.150265775801523
Percival Wheeler,Lovers,0.275655065660946,1.05396117982986,0.735973415241555,0.484843229792869,1.00436605166104,0.946497052744849
Persephone Splotter,Worms,0.159707623494255,0.549767973562932,0.96083712994809,0.604821047572547,0.423687818959508,0.647274152105534
Pierre Haley,Crabs,0.191016260440457,0.981205672580805,0.461354274472569,0.384084358779921,0.234702749088096,0.297274115532047
Pippin Carpenter,Tacos,0.525278441810289,0.552947692254296,0.0987407926750692,0.0246995899902029,0.823193128203693,0.98282387125419
Pitching Machine,Worms,1.18678552768334,1.15342803037387,1.29771707083339,0.443889817420063,0.832000631363662,0.586660725504813
PolkaDot Patterson,Moist Talkers,1.35662052373797,1.02022608577947,0.892828512634823,1.11373635339408,1.06145657552864,1.88980051863519
PolkaDot Zavala,Breath Mints,0.850960098604769,0.515216586370476,0.448569232428672,0.702917397710161,0.833026830204255,1.04997513927755
Pollard Beard,Steaks,0.650430271130905,0.98780231373032,0.319724792174554,0.981287748802054,0.351113432850505,0.785292238555538
Premjeet Liu,Moist Talkers,0.662704333510575,0.15417147044883,0.444519578355121,0.437896059622703,0.486057231421073,0.318316979739461
Pudge Nakamoto,Shoe Thieves,0.552177160655645,0.628109631352347,0.43260647911299,0.858114973022289,0.706927114420095,1.21673983104234
Pug Meatbrick,Fridays,0.397744593316928,0.668464110183038,0.305861697141058,0.204643539950335,0.81740806708116,0.786333030094548
Qais Dogwalker,Dale,1.13769992670932,1.35870457958873,1.07142545443397,1.15211072416718,0.610120518759123,0.88276477649349
Quack Enjoyable,Garages,0.667189479519593,0.389575732361935,0.544874202997952,0.793154467807506,0.284417906484976,0.84326525944394
Quack Hookrace,Lift,0.484874781082063,0.434280900251326,0.189434535806184,0.33218899576994,0.458832813402058,0.393528238736961
Quantum Flahwah,Spies,0.533789909941598,0.451924181318866,0.0398551320610339,0.394859167241932,0.48152656989668,0.703224154860254
Queithlein Shufflecat,Georgias,0.897128313738594,0.323606268562085,0.470274553897172,0.873607225905288,0.270867576148963,0.0335172664507792
Quinns Jespersen,Mechanics,0.321249069911888,0.529227618269138,0.242707379114353,0.236202752251672,0.206811831861383,0.699890757253597
Rafael Davids,Wild Wings,1.09761002488466,1.05766127599433,0.821530891513279,1.00693356096348,1.16145539096496,1.04506966912923
Rai Spliff,Steaks,0.257730940576022,0.591231231557074,0.996732765060369,0.246599594105783,1.16091978214332,0.829421743198193
Ramirez Winters,Millennials,0.966993767687033,0.377198848464133,0.0908308151420965,0.569464673663116,0.612431794816721,0.190669862217163
Randall Marijuana,Hall Stars,0.265823277848001,0.0402811590854295,0.614625940116993,0.152246893110118,0.686164038867228,0.0319303352821041
Randy Castillo,Tigers,0.976285653174793,0.873516347323972,0.06,0.92534099341158,0.782614098669141,0.06
Randy Dennis,Dale,0.169036703510164,0.691424286141809,0.587564218774432,0.857629803140846,0.571724106338576,0.577985059220308
Rat Mason,Tacos,0.293488362489382,0.478332634667433,0.303081687435428,0.276516978276644,0.612851557135622,0.272492311517152
Reese Clark,Spies,0.545616815806664,0.94122450849821,0.677326967473592,0.716298345939986,0.325421172829308,0.675804888925656
Reese Harrington,Steaks,0.374599021808949,0.552961452432971,0.855763658351579,0.365230872301653,0.346440094332651,0.545156482687602
Reggie Canberra,Millennials,0.18377374793461,0.0106061001551334,0.668737620305307,0.943184844210723,0.602274777890336,0.762263649258563
Ren Hunter,Millennials,1.01941536659193,0.782088683928288,0.357076045824518,0.1610295808077,0.921579087665824,0.492255762871563
Ren Morin,Tigers,0.623403997052752,0.267630168683294,0.125627084987396,0.720269604640466,0.143058884594768,0.89733969450427
Rey Wooten,Magic,0.861183845320404,0.681378942967051,0.265028139724493,0.660009461947645,0.481205867368173,0.0545102988239896
Rhys Rivera,Shoe Thieves,0.127740163717191,0.157361508078466,0.224019154755336,0.785799994484906,0.353899205621079,0.853396765412578
Richardson Games,Shoe Thieves,0.368949696726101,0.18276871860841,0.455766498145644,0.583663596313557,0.6691382170447,0.556833820097512
Richmond Harrison,Sunbeams,0.73596369112156,0.119086040665879,0.286441969102321,0.640672565421462,0.538708519338077,0.289563601189404
Rigby Friedrich,Georgias,0.939847438559315,0.427645776347609,1.07279938478233,1.07480866387469,0.537666828681824,0.718856974696858
Riley Firewall,Dale,0.942632518701073,0.768359050532396,0.743713858761271,0.504080876224896,0.2229645168562,0.601937426910655
Rivers Clembons,Dale,0.555879432953521,0.83142536155905,0.685748352970836,1.07007432650037,1.09051749877065,0.414088031167368
Rivers Javier,Wild Wings,0.384211286617596,0.939499479176799,0.398173917193646,0.191262043416678,0.738826246106205,0.303643534642042
Rivers Rosa,Firefighters,1.05923843822425,1.08980756824057,0.500282684030455,0.679935075369983,0.555174618709842,0.304747814024676
Robbins Schmitt,Crabs,0.500245354290346,0.220017519614851,0.0933673936846555,0.859536346350685,0.737762202492417,0.586193470829165
Rocio Caster,Worms,0.701394145942616,0.326884505943325,0.765442905531825,0.320604376592509,0.917909496538493,0.418316395078031
Rodriguez Internet,Breath Mints,0.116834656581433,1.00752750893625,0.530100427466725,0.628712094901088,0.787806107778653,1.03049713890971
Rodriguez Sunshine,Shoe Thieves,0.378877043942144,0.0426176427897056,0.966615284642255,0.675546702428121,0.228130776532518,0.629333079566777
Ronan Jaylee,Steaks,0.67297357836766,0.312245881851694,0.37697126205506,1.18527174866043,0.44260872599324,0.306473845338906
Rosa Holloway,Crabs,0.22338658645141,0.954575813084596,0.960350223861817,0.781748656593607,0.687037697255418,0.300397168318866
Roscoe Sundae,Wild Wings,0.58880186955781,0.699876154971689,0.19578915774493,0.240965794531214,0.441504908828782,0.216208035242763
Rufus Kiddo,Mechanics,0.82920495150474,0.963631529850709,0.716699834721924,0.181218267984362,0.431810605252648,0.409247719316408
Rush Ito,Dale,0.846210623810508,0.179037926773701,0.06974089138525,0.650709726474821,0.283551372261774,0.750271272550328
Rush Valenzuela,Firefighters,0.0520762906823147,0.17227836830356,0.160927435690904,0.229032639058588,0.246982812583153,0.718729929049785
Ruslan Duran,Millennials,0.030353507166391,0.883264934535165,0.876186326718357,0.354460506649976,0.108564729117031,0.287419402075942
Ruslan Greatness,Pies,0.786481209217386,1.26996294602035,0.770870235317702,1.02683220724705,1.42076222562637,0.629742086065871
Russo Slugger,Jazz Hands,0.610481406801526,0.15410259691497,0.922705678460896,0.533062614950394,0.344383928027105,0.553592351104468
Sam Scandal,Steaks,1.19373201584258,0.858287993779084,1.22978564081534,1.17911980117353,1.02270144028414,0.863932838084233
Sandford Garner,Lovers,0.611069646335395,1.37025057743283,0.930690672944031,1.01611784313366,1.21473538836657,0.706047027011726
Sandie Carver,Breath Mints,0.887127922810766,0.676836796351596,0.709698312100285,0.625586655608565,0.548403722097389,0.375721059579942
Sandie Nelson,Lovers,0.0314751670959887,0.836569449840404,0.950501823485686,0.6740186670458,0.424017696376692,0.0334449519139985
Sandie Turner,Millennials,0.716451611090718,0.469474309012814,1.21248518062986,1.29480117430876,0.310740762351207,0.369340023291144
Sandoval Crossing,Sunbeams,1.1976176037371,0.55113378854098,0.489471111063721,0.771631098984204,0.961443752970345,0.568437443941516
Schneider Bendie,Millennials,1.09381027529959,0.979122201038283,0.94430078189002,0.575652189133608,0.643485222384262,0.799962435099729
Schneider Blanco,Garages,0.398899321700728,0.923274238864133,0.773532273173241,0.159640444912484,0.926004145575448,0.503070196023241
Scores Baserunner,Flowers,0.966665185138147,0.708945993046095,0.158217665257356,0.334229607756043,0.893040470026166,1.06922888485899
Scrap Murphy,Hall Stars,0.679190725366816,0.706752000039242,0.0859468264075214,0.619006049748808,0.704000871634997,0.850277123773432
Scrap Weeks,Sunbeams,0.0997071195021493,0.285377027325105,0.916205290105847,0.583580749047326,0.474109042485478,0.625736141524928
Scratch Deleuze,Worms,0.322045290152729,1.08279662952878,0.575387722659909,0.288853283479313,0.626644108287238,1.06687867883842
Sebastian Sunshine,Hall Stars,0.941238558023941,0.459954285883538,0.558828974581352,0.66249510993963,0.0718895748191932,0.786925593441159
Sebastian Woodman,Shoe Thieves,0.682090999840227,1.15243443655457,0.322695329005549,0.664800843568284,0.327009455970321,0.782631579001117
Sexton Wheerer,Tacos,0.884094947130868,0.822201280900798,0.76921159209933,0.919778105782993,0.780573617142296,0.760970576337406
Shaquille Sunshine,Flowers,0.721930904565512,0.301229682731738,0.456374404705701,0.531212801366779,0.0324951122099792,0.661242951884471
Sheri Friday,Lift,0.436734786469215,0.347240685609051,0.492147049665552,0.38100783779918,0.6949155967564,0.856900106775444
Shirai McElroy,Mechanics,0.957200332713783,0.226780812794779,0.858227051905589,0.615309855068938,0.354652015986241,1.02928420446578
Sigmund Castillo,Sunbeams,0.522688156930567,0.88312952121933,0.83470657933149,0.91046647695761,0.750829536079023,0.934941321731598
Silvaire Roadhouse,Crabs,0.885071004353041,0.965942652456946,0.0808132999905844,0.963031122927323,0.978459468586672,0.628767646024941
Silvaire Semiquaver,Lift,0.692709348462169,0.763089629989507,0.618547828781085,0.909729699912824,0.459994950880636,1.00882770576553
Silvia Rugrat,Wild Wings,0.86471265068788,0.317795830276261,0.73287467382558,0.379692104579242,0.918852445499935,0.871870694405007
Silvia Winner,Lovers,0.871141478273556,0.0939961704922618,0.530149738016219,0.373779163228458,0.552641735754109,0.596628018863278
Simba Davis,Shoe Thieves,0.104390595856913,0.237117626000656,0.0775652148444361,0.613474159751209,0.437781295789799,0.694616323274634
Simon Haley,Shoe Thieves,0.128727947860539,0.333771793626939,0.340385233126442,0.1791170705768,0.627159056652949,0.490938062061289
Siobhan Chark,Georgias,0.416028589541569,0.768997654413034,0.295277172081359,0.791674020652194,0.951420797325094,0.435448746893296
Sixpack Dogwalker,Steaks,0.515650184218487,0.85889381590241,0.620332450034167,0.158264745585305,0.12621328501673,0.828581183223886
Sixpack Santiago,Dale,0.988446392838975,0.883754875870046,0.581955930217282,0.453797730213016,0.378043807560379,0.65817168508154
Sleve Matsuyama,Lift,0.883191106174491,0.24507856957553,0.0787775406121476,0.994655502386661,0.0107469757873291,0.149233006346055
Slosh Truk,Georgias,0.81413000327555,0.5935835999951,0.530248232010834,0.336489985371605,0.367273462258429,0.199203243139749
Snyder Briggs,Shoe Thieves,0.779453469445534,0.983506336659542,0.266212675837083,0.490183011144025,0.941810249752848,0.626215348695089
Socks Maybe,Firefighters,0.539604134096651,0.592483221782677,0.476573298112222,0.821383965409365,0.236358841762177,0.577425340802965
Son Jensen,Tacos,0.872741855528727,0.487380860566812,0.164089023263673,0.657470350885393,0.984497352427288,0.921949776183922
Son Scotch,Spies,0.427202601776289,0.462083901612767,0.970330369265288,0.565216237715922,0.138142096572064,0.716365323317743
Sosa Hayes,Spies,0.959689929781041,0.773947639096697,0.494193192976347,0.261394336294481,0.328625312588595,0.707387971587255
Sparks Beans,Garages,0.720862477993724,0.270047997955007,0.799566471629267,0.00930467194928375,0.490258000168813,0.259177082874618
Spears Nolan,Moist Talkers,0.528372086664628,0.35047934499624,0.990097266902528,0.681649755055583,0.835480662161891,0.276655824070103
Spears Rogers,Jazz Hands,0.237262011427922,0.00373518554651486,0.236485318071714,0.677989126387306,0.189813740828937,0.240671300098789
Spears Taylor,Fridays,0.783306726145862,0.249191434034393,0.488139370605386,0.405435206355181,0.740945863659995,0.39078814724686
Spiff Piazza,Mechanics,0.192465320801027,0.893017241664086,0.514228507507188,0.566626261646784,0.303214629856598,0.956596878751815
Spits Strongbody,Lift,0.132661691123171,0.656586151996809,0.0839227600265235,0.694915905581853,0.524535436878725,0.396596069788035
Squid Galvanic,Crabs,0.161468009872174,0.703437843353438,0.650173613130832,0.675374979818354,0.763685339865973,0.607006521460151
Steals Chark,Georgias,0.955654310353708,0.208695981261531,0.340522191872118,0.825820748865376,0.666368638213392,0.646125834820244
Stephanie Donaldson,Fridays,0.758358070834009,0.459612722523469,0.365495556156118,0.81344786248796,0.192614470891708,0.532197144927441
Stephanie Schmitt,Flowers,0.252383829137831,0.400259596623818,0.594726288262954,0.699216633231224,0.600900908221166,0.144480007278586
Stephanie Winters,Wild Wings,0.282349883952814,0.517257781188519,0.857661311168275,0.681127371064624,0.67386868762298,0.67101317027277
Stephens Lightner,Jazz Hands,0.0817088984472927,0.0647773236892698,0.238202417670828,0.0696201621560833,0.395986865915817,0.221687225022409
Steph Weeks,Jazz Hands,0.415535338916144,0.609091433636088,0.387722960063415,0.257040168306674,1.21741029350508,1.08299305344778
Stevenson Heat,Fridays,1.03522125424114,0.559580904385477,0.599263073358022,0.250985181211226,1.15903185615057,0.606631679097501
Stew Briggs,Spies,0.240877399934137,0.61838855918954,0.01,0.155050594493749,0.254880965404636,0.01
Stijn Strongbody,Lift,0.462972058875975,0.530529614654019,0.0697951275639442,0.942852852711349,0.288551660503839,0.28130421865457
Stout Schmitt,Dale,0.685012053881984,0.14604821120962,0.720856475218476,0.478143533150769,0.656186367253571,0.0717083125245186
Stu Mcdaniel,Flowers,0.16590987066445,0.873136765482594,0.978107919914059,0.969382234373637,0.912880358284119,0.170770671393999
Stu Trololol,Shoe Thieves,0.310070456695607,0.971890270857368,0.554749361961935,0.871521303493618,0.440912199822127,1.12427480933799
Sullivan Septemberish,Tigers,0.536295570675198,0.550220961737081,0.186796682867091,0.916128165612967,0.877496745268737,0.332345199958103
Summers Pony,Garages,1.14527661347378,0.889414574439406,0.594213994190987,0.480211694786781,0.535283662415948,0.956751905446005
Summers Preston,Wild Wings,0.531997384942959,0.299051257001731,0.790597569031261,0.259034566378205,1.12566785600849,0.331986817360684
Summers Slugger,Dale,0.0206203314272773,0.644156377886192,0.740399961203493,0.176733159427875,0.598128535306318,0.2546111818993
Sutton Dreamy,Fridays,0.854129039263126,0.223286303109903,0.524892147833803,0.333850580255066,0.0423973784240338,0.324909386723638
Swamuel Mora,Firefighters,0.431551969654135,0.361020086586508,0.109214425276636,0.0665029972129496,0.0988850331659634,0.375013016831404
Tai Beanbag,Wild Wings,0.309216962235783,0.0232229506032784,0.592052457405568,0.950683446755008,0.624116390447625,0.659371927661068
Tamara Crankit,Jazz Hands,0.744125760316581,0.613793435664642,1.08649553948789,0.424460662490731,0.556063416491342,0.496321239056076
Tamara Lopez,Steaks,0.212027730223,0.96358283750593,0.026810510728801,0.792375367690113,0.0679633525370635,0.263578812014963
Terrell Bradley,Garages,0.459764275634738,0.826813046107458,0.712285994905437,0.721346640202843,0.0559679032015836,0.935985716841644
Tevin Melcon,Shoe Thieves,0.897033464660565,0.955858295092014,0.324043140410005,0.687602765062445,0.283066273730696,0.949196233558856
Theodore Cervantes,Millennials,1.23649167439788,0.948048194678478,1.10106461483191,0.555966913229714,0.476178603254424,0.986257570647364
Theodore Duende,Garages,0.463798829783508,0.0519365751813927,0.459948585677958,0.247610579521162,0.158055683070631,0.910578692715539
Theodore Honeywell,Lift,0.203551153718575,0.731195675138694,0.00742479228650228,0.584238324914074,0.220459904173551,0.347905799991837
Theo King,Lovers,0.836428206285586,0.223888483169591,0.205093028798486,0.595952358337601,0.574165503675817,0.330042200218931
Thomas Dracaena,Millennials,0.947151904379328,0.860610934659686,0.241514440784464,0.0689515466777946,0.828649814950389,0.144465422742289
Thomas Marsh,Crabs,0.702093548350242,0.0729678092555199,0.394446715412087,0.824933448517384,0.408419558168799,0.185069100503689
Tiana Takahashi,Pies,0.961591583577721,0.716677043167526,0.910064949528387,0.0289541532488078,0.945939967613159,0.596121848692571
Tiana Wheeler,Magic,0.384396073308123,0.399086920387598,0.627061061858238,0.0320364671148507,0.699668732571042,0.751154039336415
Tillman Wan,Garages,0.179295161862064,0.882667046538488,0.127752542380563,0.904845504588071,0.222035872652575,0.0950304270678688
Timmy Manco,Fridays,0.496469188946021,0.0488983820303361,0.203009465290107,0.853361361944224,0.448536106312557,0.374522470802588
Timmy Vine,Millennials,0.489878108653913,0.573312571589837,0.477031193185232,0.552974150204254,0.349165513982201,0.517406660613322
Torus McGhee,Mechanics,0.567357538495229,0.382961466799777,0.947367699061089,0.595285624203348,0.158245825650698,0.0597427884629016
Tot Best,Sunbeams,0.175415260244924,0.434105591772187,0.334995317639639,0.39906554893435,0.332562908147548,0.598474574197483
Tot Clark,Garages,0.625952741213938,0.550971133795443,0.806359390146144,1.24829872881777,0.464964752120248,1.30436036844535
Tot Fox,Crabs,0.313434972402747,0.0893463853742794,0.986909484396772,0.798168893275964,0.171315879751808,0.717583872663834
Travis Bendie,Magic,0.0684892742413192,0.565267484399742,0.51769551215121,0.153524929769925,0.134659833010613,0.966819617520501
Travis Nakamura,Firefighters,0.386172048438097,0.544565555459133,0.453452823408428,0.485906952664084,0.949614514272584,0.02687317222807
Tristin Crankit,Flowers,0.0500616838325463,0.193342642866942,0.499017077850185,0.347830215303293,0.501786542830454,0.917078624041705
Tucker Flores,Moist Talkers,0.29964404870982,1.01950810814046,0.895943550874427,0.086258369707926,0.203104478628258,0.534725985598575
Tucker Lenny,Magic,1.02687057702651,0.664644791003002,0.452379736214334,0.27651088350344,0.389348264342246,0.163247916429754
Twofurious Puddles,Pies,0.65003371337729,0.807712485977702,0.811110109803847,0.718614667350991,0.725893976553934,0.41623963275615
Tyler Leatherman,Firefighters,0.287141165206618,0.00804931705666845,0.459739460719948,0.280652041996123,0.173172033288893,0.904282301015621
Tyreek Cain,Firefighters,0.80569129713994,0.181076703929009,0.777477206632263,0.308151697176717,0.039137360174653,0.585620563897499
Tyreek Olive,Hall Stars,0.131228980446811,0.744932907423324,0.491013837288657,0.443619289823721,0.588478767102734,0.900585300102036
Tyreek Peterson,Moist Talkers,0.233823704839733,1.01712133956165,0.945389565587109,0.533155656550632,0.347347716350882,0.911498975102633
Uncle Plasma,Millennials,1.0989393732388,0.717495385394908,0.679041357063843,0.599173160409579,0.218080320901567,0.791191581527432
Usurper Violet,Tigers,0.58060228605358,0.980022015689681,0.91686130979498,0.172289059930923,0.847304645692337,0.582188207346529
Valentine Games,Tacos,0.98818157217076,1.17554636210159,0.878881723660169,0.627524945662513,0.943145514524343,0.411363615511119
Val Hitherto,Lift,0.495743661209041,0.630305813293853,0.682889966562004,0.276410374297558,0.637760734525023,0.15306639435149
Velasquez Alstott,Shoe Thieves,0.543317713879847,0.291072305220642,0.897887796773427,0.331271096251634,0.731779024594604,0.477464151407128
Vessalius Sundae,Worms,1.04664372363199,0.248285642881639,0.467828819414684,0.991007800289739,0.350120601476306,0.484412502755261
Vito Kravitz,Tacos,1.19328230095704,0.755105718448602,0.446809441587156,1.14416912478994,1.11907989983886,0.916928015294755
Wade Howe,Flowers,0.0404489672434751,0.127250835128675,0.82134141545815,0.948422941590571,0.0452856754902777,0.67753248878229
Wall Osborn,Moist Talkers,0.843733040460561,0.336402394022731,0.267155372803951,0.142780519856015,0.36313765730723,0.90538201078048
Walton Sports,Jazz Hands,0.559628666688268,0.435814084740295,0.995191234313533,0.878423416858547,1.00405854649639,0.471498216684325
Wanda Schenn,Firefighters,0.505917718941359,1.00969836877715,0.568525503483673,0.843079666987523,0.4623696766815,0.266163295844798
Washer Barajas,Magic,0.404098965048824,0.840107236764144,0.316438225074951,0.193123156685056,0.470685084987619,0.518886560128231
Wendy Cerna,Steaks,0.589508401766167,0.665788988828048,0.645661554353913,0.333574180689137,0.367936026489176,0.850553290348648
Wesley Poole,Firefighters,0.792677303981216,0.347421119545454,0.956575854376091,0.96489145898284,0.765653821796471,0.609277620320864
Wesley Vodka,Tigers,0.898835630098039,0.168400334304758,0.264748461086541,0.027666629808345,0.296260564476355,0.0503897690057999
Wichita Toaster,Wild Wings,0.747613339142032,0.076734080147818,0.616863281340847,0.800620970876579,0.0650172666689899,0.562782420480264
William Boone,Shoe Thieves,0.375371547361254,0.127887445218032,0.756197052156124,0.832138536966122,0.100491307978737,0.807653983313443
Winnie Hess,Breath Mints,0.892234146868226,0.987996220512951,1.5464569846838,0.816622047936819,0.909326057855051,0.635195436504646
Winnie Loser,Shoe Thieves,0.0505806964820547,0.422764689503883,0.421917572374415,0.341219889818433,0.818838927444518,0.0490441204570766
Winnie Mccall,Millennials,0.719536692073981,0.659253384326308,0.807928976632081,0.851729966250677,0.432843964862393,0.315098755383002
Workman Gloom,Hall Stars,0.298743976602285,1.14587892915443,0.289972500730661,0.778357082690902,0.735430077809713,0.6080446913946
Wyatt Dovenpart,Tacos,0.598941967864409,0.189497484455449,0.453872724828605,0.528060701649387,0.209949109329637,0.506702469805263
Wyatt Glover,Magic,0.171352974377282,0.246974677778366,0.182186296838473,0.148141550697317,0.149937578811462,0.218255570182667
Wyatt Owens,Dale,0.368316698051935,0.182170036785591,0.726285262582546,0.371069039170941,1.02784906271227,0.126169444332165
Wyatt Pothos,Jazz Hands,1.06302250964562,1.13233472652371,0.70142513768853,0.691922366612283,0.799863833385214,1.07950570558017
Wyatt Quitter,Lift,0.359294738350217,0.128596307477163,0.111827326503136,0.467741455746946,0.160193067205082,0.72322926567916
Xandra Pancakes,Worms,0.916019476061664,0.776168508227424,0.99641580798406,0.754645224440873,0.626531792068933,0.383382945009017
Yams Rolsenthal,Jazz Hands,0.0247265197227255,0.588431597680956,0.075904044992543,0.0631807411450203,0.266395580777679,0.516385057673849
Yazmin Mason,Hall Stars,0.303302927102399,0.458248367598586,0.991558931513575,0.839241919438195,0.0174866187050893,0.393512918180827
Yeong-Ho Garcia,Spies,0.735655127928267,0.382328790051306,0.31900676461409,0.228320991937362,0.698326100193708,0.760798909188042
Yong Wright,Wild Wings,0.620861866550353,0.144294761768568,0.03,0.464597399530731,0.370988013231489,0.366703025382153
York Silk,Moist Talkers,0.346509632967972,0.67845130424436,1.01645687925302,0.470645644020538,0.836951083071805,0.304353696575093
Yosh Carpenter,Fridays,1.02737493678743,0.607488670360031,0.830590819024961,0.877138618234094,0.832542119900299,0.739118364212361
Yrjö Kerfuffle,Spies,0.155519391335025,0.380336646196598,0.103391495545846,0.123972699345798,0.749233650134826,0.450613598748765
Yummy Elliott,Tacos,0.849613297460406,0.928589602174816,0.548926542206452,0.446830024389017,0.70022544351542,0.763747440632202
Yurts Buttercup,Georgias,0.834859685327965,0.340677099033983,0.756344656556019,0.0868031828282672,0.382028563576436,1.05533155735216
Yusef Fenestrate,Lift,0.31107960421079,0.839435081793489,0.440089053645858,0.914036733163792,0.719865433050213,1.11462130005519
Yusef Puddles,Pies,0.455047214159849,1.00736863226817,0.53532779719103,0.295871767468265,0.582769937185207,0.807752294851855
Zack Sanders,Sunbeams,0.96823677261933,0.733656242842339,0.371443311482922,0.519537499386037,0.671375956290278,0.522018095595872
Zane Vapor,Tigers,0.680656443431039,0.649747833659585,0.343872583480725,0.824433232674485,0.769580539066706,0.118263782609502
Zeboriah Whiskey,Flowers,0.0642360735844771,0.766393156917883,0.912965914793564,0.987068918744857,0.219659506469651,0.913602855235127
Zeboriah Wilson,Flowers,0.270659186813056,0.10919373444068,0.660948457963017,1.01014984127048,0.713193595637757,0.526490394902236
Zeke Wallace,Moist Talkers,0.597391226531699,0.316097028974364,0.868999237241515,0.789391032366337,0.662918998627035,0.328888232700105
Zelda Highway,Lift,0.0900492396108925,0.97676199162191,0.65002287762916,0.173810997312766,0.588158457769342,0.158512365251618
Zephyr McCloud,Steaks,0.33166059128252,0.0475674146939198,0.50652228935219,0.600666673281622,0.960284504618849,0.909145309014551
Zesty Yaboi,Flowers,0.0559058853506256,0.124017803256734,0.235836437130056,0.0460480832048904,0.358409951870891,0.622775551370095
Zion Aliciakeyes,Tigers,0.715893990413047,0.096625369509145,0.126484101844237,1.01607818457106,0.873103595922485,0.16222121477696
Zion Facepunch,Firefighters,0.696056621361256,0.605868505244335,0.959439348727654,0.0520628737031632,0.376677036850529,0.052218150664606
Zi Sliders,Firefighters,0.385778146621152,0.101241754301824,0.642674108525324,0.874414343653163,0.31375923549213,0.869982262323207
Ziwa Mueller,Moist Talkers,0.588276136448577,0.99834061749383,0.912135065678095,0.313925855246238,1.01676866888435,0.333416887458777
Zoey Kirchner,Mechanics,1.09394715272493,0.867111434020599,0.980428111004151,1.06404528859202,0.608845220426764,1.00501756499419
